Latitude,Longitude,ï»¿Site Name,Site Status,Site Address1,Site Address2,Site City,Site State,Site Zip,Site Phone,"Meal Types Served:
","Start Date
(MM/DD/YY)","End Date
(MM/DD/YY)"
35.8424,-94.6382111,MARYETTA PUBLIC SCHOOL(105),Open,100 MARYETTA RD.,,STILWELL,OK,74960,918-696-2285,B L,5/30/2017,6/23/2017
35.8424,-94.63821,ZION PUBLIC SCHOOL(105),Open,470658 EAST 850 ROAD,,STILWELL,OK,74960,918-696-5496,B L,6/5/2017,6/29/2017
35.8142126,-94.6435353,DAHLONEGAH PUBLIC SCHOOL(105),Open,HWY 59 SOUTH,,STILWELL,OK,74960,918-696-7807,B L,6/5/2017,6/29/2017
35.815133,-94.633464,STILWELL ES(105),Open,10 S. 6TH STREET,,STILWELL,OK,74960,918-696-3228,B L,6/5/2017,6/29/2017
34.33047963,-95.94883146,LANE PUBLIC SCHOOL(105),Open,601 W. MCGEE CREEK RD.,,LANE,OK,74555,580-889-2743,B L,6/5/2017,6/22/2017
34.3792034,-96.1457067,ATOKA HS(705),Open,800 GREATHOUSE DRIVE,,ATOKA,OK,74525,580-889-4051,B L,5/22/2017,6/29/2017
34.317508,-96.170312,TUSHKA ES(105),Open,2661 W. BOGGY DEPOT RD.,,ATOKA,OK,74525,580-889-7355,B L,5/30/2017,6/30/2017
34.2339858,-96.2140016,CANEY ES(105),Open,301 N COBB AVE,,CANEY,OK,74533,580-889-1967,B L,6/5/2017,6/29/2017
35.85573673,-98.41056,WATONGA MS(505),Open,1200 NORTH BURFORD,,WATONGA,OK,73772,580-623-4049,L,6/1/2017,6/30/2017
35.62976,-98.324083,GEARY ES(105),Open,221 S GALENA,,GEARY,OK,73040,405-884-5710,B L,6/5/2017,6/30/2017
36.0503975,-98.5905545,CANTON ES(105),Open,HIGHWAY 58 SOUTH AND PARK STREET,,CANTON,OK,73724,580-886-3516,B L,5/15/2017,6/8/2017
33.997899,-96.230903,ROCK CREEK ES(105),Open,23072 US HWY 70,,DURANT,OK,74726,580-924-9601,B L,5/22/2017,6/30/2017
33.93744121,-96.42780879,CALERA ES(105),Open,209 NORTH 3RD ST,,CALERA,OK,74730,580-434-4817,B L,5/22/2017,6/29/2017
34.004802,-96.394082,NORTHWEST HEIGHTS ES(115),Open,1715 W UNIVERSITY BLVD,,DURANT,OK,73449,580-916-7363,B L,5/30/2017,6/30/2017
33.99510571,-96.37977,Boys and Girls Club(N01),Open,415 N. 5TH ST.,,DURANT,OK,74701,580-579-2423,B L,6/5/2017,8/11/2017
34.0292808,-94.7412932,Choctaw Boys & Girls Club of Broken Bow(N01),Open,210 CHAHTA STREET,,BROKEN BOW,OK,74728,580-584-3636,L,6/1/2017,7/14/2017
34.634386,-95.2808416,Choctaw Nation Council House Cafeteria in Tuskahoma(N2),Open,COUNCIL HOUSE ROAD,,TUSKAHOMA,OK,74574,580-924-8280,L,5/22/2017,5/31/2017
34.75806509,-95.08110399,Choctaw Boys & Girls Club of Talihina(N3),Open,13835 SE 202ND ROAD,,TALIHINA,OK,74571,918-567-3498,L,5/22/2017,8/4/2017
34.755965,-95.084493,Choctaw Nation Hospital Caferia in Talihina(N4),Open,ONE CHOCTAW WAY,,TALIHINA,OK,74571,918-567-7000,L,5/22/2017,8/4/2017
34.0271001,-94.7211867,Choctaw Nation Head Start in Broken Bow(N5),Open,300 CHAHTA STREET,,BROKEN BOW,OK,74728,580-584-6680,L,6/1/2017,7/14/2017
35.2172114,-94.6573878,Choctaw Nation Community Center in Spiro(N6),Open,19400 AES ROAD,,SPIRO,OK,74959,918-962-3832,L,6/1/2017,6/30/2017
34.0139803,-95.5283584,Choctaw Nation Head Start in Hugo(N7),Open,408 WEBB/M STREET,,HUGO,OK,74743,580-326-3653,L,6/1/2017,7/14/2017
35.07434,-98.23709,ANADARKO EAST ES(105),Open,107 SOUTHEAST 5TH STREET,,ANADARKO,OK,73005,405-247-2496,B L,5/24/2017,7/28/2017
35.10184517,-98.61044889,CARNEGIE ES(105),Open,200 W 4TH,,CARNEGIE,OK,73015,580-654-1470,L,5/30/2017,7/27/2017
34.89833061,-98.36287102,APACHE ES(105),Open,505 S. FORREST STREET,,APACHE,OK,73006,580-588-3357,B L,5/24/2017,6/23/2017
35.0986349,-98.4434577,FORT COBB-BROXTON LOWER ES(105),Open,407 N. 6TH STREET,,FORT COBB,OK,73038,405-643-2336,B L,5/22/2017,6/16/2017
35.040239,-98.286973,Oakridge Camp(N01),Open,20007 STATE HWY. 9,,ANADARKO,OK,73005,405-247-5433,B L,5/24/2017,8/6/2017
35.572463,-97.957858,DARLINGTON PUBLIC SCHOOL(105),Open,4408 N. HWY 81,,EL RENO,OK,73036,405-262-0137,B L,6/5/2017,6/30/2017
35.4884755,-97.7291185,YUKON HS(705),Open,1777 YUKON PARKWAY,,YUKON,OK,73099,405-354-7116,B L,6/5/2017,7/28/2017
35.517849,-97.959186,HILLCREST ES(110),Open,1302 S. MILES,,EL RENO,OK,73036,405-262-1789,L,6/5/2017,7/27/2017
35.50777,-97.958944,LESLIE F ROBLYER LEARNING CTR(510),Open,427 SW 27TH,,EL RENO,OK,73036,405-262-4287,B L,5/30/2017,7/27/2017
35.533234,-97.951358,United Methodist Church(N01),Open,101 S. BARKER,,EL RENO,OK,73036,405-262-3734,B L,6/5/2017,7/27/2017
35.5354825,-97.9836592,Adams Park(N2),Open,201 PARK DRIVE,,EL RENO,OK,73036,405-262-4289,L,6/5/2017,7/27/2017
35.53319,-97.955031,Frank Night Park(N3),Open,101 N CHOCTAW,,EL RENO,OK,73036,405-262-1789,L,6/5/2017,7/27/2017
35.532865,-97.954121,Legion Park(N4),Open,100 S. BICKFORD,,EL RENO,OK,73036,405-262-4287,L,6/5/2017,7/27/2017
35.53701388,-97.95715796,Booker T Washington Park(N5),Open,520 N. ADMIRE,,EL RENO,OK,73036,405-262-4287,L,6/5/2017,7/27/2017
34.196304,-97.134215,CHARLES EVANS ES(110),Open,1906 HARRIS ST,,ARDMORE,OK,73401,580-221-3001,B L,6/5/2017,6/30/2017
34.165707,-97.125152,JEFFERSON ES(120),Open,333 CARTER SE,,ARDMORE,OK,73401,580-221-3001,B,6/5/2017,6/29/2017
34.20287,-97.13133,ARDMORE HS(705),Open,701 VETERANS BLVD.,,ARDMORE,OK,73401,580-221-3008,B L,6/5/2017,6/29/2017
35.85000664,-95.00143989,SEQUOYAH HIGH SCHOOL(510),Open,17091 SOUTH MUSKOGEE,,TAHLEQUAH,OK,74464,918-453-5190,B L,5/22/2017,7/7/2017
35.922404,-94.872934,BRIGGS PUBLIC SCHOOL(105),Open,17210 S 569 RD,,TAHLEQUAH,OK,74464,918-456-4221,B L,6/5/2017,6/30/2017
35.93232,-95.14503,HULBERT ES(105),Open,316 RIDER LANE,,HULBERT,OK,74441,918-772-2501,B,5/22/2017,6/8/2017
35.93232,-95.14503,HULBERT JR-SR HS (JR)(615),Open,316 RIDER LANE,,HULBERT,OK,74441,918-772-2501,B,5/22/2017,6/8/2017
34.0155452,-95.2063462,SWINK PUBLIC SCHOOL(105),Open,500 JOURDAN STREET,,SWINK,OK,74761,580-873-9493,B L,6/5/2017,7/28/2017
34.0207604,-95.2719177,FORT TOWSON HS(705),Continuous School Calendar,205 NW 3RD STREET,,FORT TOWSON,OK,74735,580-873-2712,B L,5/15/2017,6/22/2017
33.9971319,-95.4972035,HUGO ES(135),Open,1100 DAVID ROEBUCK LANE,,HUGO,OK,74743,580-326-2102,B L,5/30/2017,7/28/2017
34.014459,-95.511428,HUGO HS(705),Open,201 EAST BROWN,,HUGO,OK,74743,580-326-7949,B L,6/5/2017,6/9/2017
34.011732,-95.494963,Choctaw County Recreation Center(N2),Open,1503 E. KIRK,,HUGO,OK,74743,580-326-0005,B,5/30/2017,7/28/2017
36.9028391,-102.9655612,BLACK MESA BIBLE CAMP(N01),Open,1/2 MILE E KENTON,,KENTON,OK,73946,575-374-8604,B L S,7/2/2017,7/22/2017
35.340569,-97.487086,CENTRAL ES(103),Open,123 NW 2ND,,MOORE,OK,73160,405-735-4147,B L,6/5/2017,7/21/2017
35.377223,-97.555124,FAIRVIEW ES(107),Open,2431 SW 89TH,,"OKC, OK",OK,73159,405-735-4171,B L,6/5/2017,6/30/2017
35.325683,-97.506267,PLAZA TOWERS ES(112),Open,852 SW 11TH,,MOORE,OK,73160,405-735-4431,B L,6/5/2017,6/30/2017
35.342596,-97.512041,SANTA FE ES(130),Open,501 N. SANTA FE,,MOORE,OK,73160,405-735-4451,B L,6/5/2017,6/30/2017
35.34207,-97.486629,CENTRAL JHS(685),Open,400 N. BROADWAY,,MOORE,OK,73160,405-735-4576,B L,6/5/2017,7/21/2017
35.340945,-97.47676,MOORE HS(705),Open,300 N EASTERN,,MOORE,OK,73160,405-735-4727,B L,6/5/2017,6/30/2017
35.331811,-97.48654,Central Park(N01),Open,700 S. BROADWAY,,MOORE,OK,73160,405-735-4576,L,6/5/2017,7/21/2017
35.33737,-97.51835,Parmele Splash Park(N2),Open,12TH AND JANEWAY,,MOORE,OK,73160,405-735-4576,L,6/5/2017,7/21/2017
35.210384,-97.418337,KENNEDY ES(122),Open,621 SUNRISE,,NORMAN,OK,73071,405-366-5894,L,6/5/2017,7/28/2017
35.22766,-97.444571,WILSON ES(145),Open,800 N PETERS,,NORMAN,OK,73069,405-366-5935,L,6/5/2017,7/28/2017
35.198293,-97.404625,RONALD REAGAN ES(151),Open,1601 24TH AVE SE,,NORMAN,OK,73071,405-366-5994,B L,6/5/2017,7/20/2017
35.225156,-97.438178,LONGFELLOW MS(502),Open,215 N PONCA,,NORMAN,OK,73071,405-366-5913,B L,6/5/2017,7/31/2017
35.22288384,-97.4470296,Andrews Park(N01),Open,201 W DAWS,,NORMAN,OK,73069,405-366-5908,L,6/5/2017,7/28/2017
35.18882237,-97.44124602,Reaves Park(N02),Open,2501 S JENKINS AVE,,NORMAN,OK,73072,405-366-5908,L,6/5/2017,7/28/2017
35.240736,-97.461484,YMCA(N05),Open,1350 LEXINGTON ST,,NORMAN,OK,73069,405-364-9266,L,5/30/2017,8/11/2017
34.533845,-96.219473,EMERSON ES(105),Open,309 S WEST RAILROAD,,COALGATE,OK,74538,580-927-2351,B L,5/30/2017,6/30/2017
34.576241,-98.417788,BISHOP PUBLIC SCHOOL(105),Open,2204 SW BISHOP ROAD,,LAWTON,OK,73505,580-353-4870,B L,5/8/2017,6/2/2017
34.62355,-98.6241851,CACHE HS(705),Open,102 W H AVE,,CACHE,OK,73527,580-429-1113,B L,6/5/2017,6/16/2017
34.618851,-98.75399,INDIAHOMA ES(105),Open,307 CHEBAHTAH,,INDIAHOMA,OK,73552,580-246-3307,L,6/5/2017,6/29/2017
34.48395735,-98.38737612,GERONIMO ES(105),Open,225 IOWA,,GERONIMO,OK,73543,580-353-0882,B L,5/22/2017,6/15/2017
34.617228,-98.435378,ADAMS ES(105),Open,3501 NW FERRIS,,LAWTON,OK,73505,580-353-7983,L,6/5/2017,6/29/2017
34.605801,-98.347134,CARRIAGE HILLS ES(108),Open,215 SE WARWICK WAY,,LAWTON,OK,73507,580-248-6161,L,6/5/2017,6/29/2017
34.613142,-98.464317,EDISON ES(122),Open,5801 NW COLUMBIA,,LAWTON,OK,73505,580-596-4233,L,6/5/2017,7/21/2017
34.66583,-98.389921,FREEDOM ES(127),Open,5720 GERONIMO RD.,,FORT SILL,OK,73503,580-713-0060,L,6/5/2017,7/21/2017
34.6292,-98.45056,RIDGECREST ES(140),Open,1614 NW 47TH,,LAWTON,OK,73505,580-355-1150,L,6/5/2017,7/21/2017
34.59685,-98.39739,LINCOLN ES(165),Open,601 SW PARK,,LAWTON,OK,73501,580-355-4799,L,6/5/2017,6/29/2017
34.633562,-98.410859,PAT HENRY ES(168),Open,1401 NW BESSIE,,LAWTON,OK,73505,580-355-2617,L,6/5/2017,7/21/2017
34.63859,-98.38034,PIONEER PARK ES(173),Open,3005 NE ANGUS,,LAWTON,OK,73507,580-215-0255,B L,6/5/2017,6/22/2017
34.613165,-98.400813,WASHINGTON ES(195),Closed Enrolled,805 NW COLUMBIA,,LAWTON,OK,73507,580-353-6299,L,6/5/2017,6/29/2017
34.60300955,-98.33478091,MACARTHUR MS(530),Closed Enrolled,510 SE 45TH,,LAWTON,OK,73507,580-355-1150,B L,6/5/2017,6/22/2017
34.62134,-98.40248,CENTRAL MS(535),Closed Enrolled,1201 NW FT. SILL,,LAWTON,OK,73505,000-000-0000,B L,6/5/2017,6/22/2017
34.61544,-98.40458,LAWTON HS(710),Open,601 NW FT. SILL BLVD,,LAWTON,OK,73505,580-215-0255,L,6/5/2017,7/28/2017
34.60868,-98.33225,MACARTHUR HS(715),Open,4500 E GORE,,LAWTON,OK,73507,580-355-1150,B L,6/5/2017,6/22/2017
34.61588,-98.43979,Kid Zone Park(N02),Open,711 NW 38TH,,LAWTON,OK,73505,580-357-3795,L,6/5/2017,7/21/2017
34.60801,-98.39561,YMCA(N03),Open,5 SW 5TH STREET,,LAWTON,OK,73501,580-355-1150,B L,6/5/2017,7/28/2017
34.609538,-98.385021,Douglass(N13),Open,102 E. GORE,,LAWTON,OK,73501,580-355-1150,B L,6/5/2017,6/30/2017
34.61608,-98.39521,Elmer Thomas Park(N15),Open,501 FERRIS,,LAWTON,OK,73505,580-355-1150,L,6/5/2017,7/21/2017
34.609935,-98.38763,Patterson Center(N18),Open,4 NE ARLINGTON,,LAWTON,OK,73507,580-581-3485,L,7/10/2017,7/14/2017
34.591963,-98.404821,Owens Multi Purpose Center(N23),Open,1405  SW 11TH,,LAWTON,OK,73501,580-581-3483,B L,6/7/2017,7/21/2017
34.62667,-98.42048,HC King(N26),Open,1705 NW 20,,LAWTON,OK,73507,580-355-1150,L,6/5/2017,7/21/2017
34.619708,-98.416961,Mobile Bus Site Liberty Lake Park(N29),Open,1806 NW LIBERTY LAKE,,LAWTON,OK,73507,580-355-1150,L,6/5/2017,7/21/2017
34.5847794,-98.4114808,Friendship Baptist Church(N32),Open,14210 NEW YORK,,LAWTON,OK,73501,580-574-8688,L,6/5/2017,7/21/2017
34.6811189,-98.4031677,Ft. Sill Spray Pad(N33),Open,FT. SILL BLVD AND KING RD,,FORT SILL,OK,73503,580-442-4697,L,6/15/2017,7/21/2017
34.6811189,-98.4031677,Ft. Sill Outdoor Pool(N34),Open,501 QUINETTE RD.,,FORT SILL,OK,73503,580-442-6745,L,6/15/2017,7/21/2017
34.675932,-98.4032534,Ft. Sill Youth Center(N35),Open,1010 FT. SILL BLVE.,,FORT SILL,OK,73503,580-442-6745,L,6/15/2017,7/28/2017
34.8231,-98.24009041,FLETCHER ES(105),Open,202 WEST COLE AVENUE,,FLETCHER,OK,73541,580-549-3019,L,6/5/2017,6/29/2017
34.60173714,-98.40775857,Lawton Salvation Army(N01),Closed Enrolled,1315 SW F AVENUE,,LAWTON,OK,73501,580-357-7541,B L,5/30/2017,7/31/2017
34.631341,-98.429776,SOTE Outreach(N01),Open,2209 NW 25 STREET,,LAWTON,OK,73505,580-248-3170,B L,5/22/2017,8/4/2017
34.608791,-98.433762,Cameron University(N01),Residential Camp,2800 W. GORE,,LAWTON,OK,73505,580-581-5581,B L S,5/22/2017,6/23/2017
34.26176394,-98.23517,TEMPLE HS(715),Open,206 SCHOOL ROAD,,TEMPLE,OK,73568,580-342-6839,L,5/30/2017,6/30/2017
36.068621,-96.087124,ALLEN-BOWDEN PUBLIC SCHOOL(105),Open,7049 FRANKOMA ROAD,,TULSA,OK,74131,918-227-1806,B L,5/15/2017,6/8/2017
35.835899,-96.391278,EDISON ES(110),Open,111 W. 9TH,,BRISTOW,OK,74010,918-367-3524,B L,5/22/2017,8/4/2017
35.831016,-96.402038,Bristow Park(N01),Open,700 W. 5TH,,BRISTOW,OK,74010,918-367-3524,B L,6/12/2017,6/30/2017
35.8236611,-96.3899947,Cape Drive(N02),Open,1110 S. CHESTNUT,,BRISTOW,OK,74010,918-367-3524,B L,5/22/2017,8/4/2017
35.823598,-96.382095,Bristow Village(N3),Open,703 S. MUTTELOKE DRIVE,,BRISTOW,OK,74010,918-367-3524,B L,5/22/2017,8/4/2017
35.999439,-96.095302,HOLMES PARK ES(165),Open,1231 E. DEWEY,,SAPULPA,OK,74066,918-227-6800,B L,5/22/2017,7/28/2017
35.998912,-96.098728,SAPULPA HS(705),Open,3 S. MISSION,,SAPULPA,OK,74066,918-224-6560,B L,6/5/2017,6/30/2017
35.50756,-98.984138,SOUTHWEST ES(115),Open,1903 OPAL STREET,,CLINTON,OK,73601,580-323-1800,B L,6/5/2017,7/28/2017
35.534702,-98.707761,Southwestern Oklahoma State University(N01),Residential Camp,100 CAMPUS DRIVE,,WEATHERFORD,OK,73096,580-774-7129,B L S,6/5/2017,7/13/2017
36.205936,-94.94106,LEACH PUBLIC SCHOOL(105),Open,55979 S 530 RD,,ROSE,OK,74364,918-868-2277,L,5/22/2017,6/16/2017
36.312789,-94.986317,KENWOOD PUBLIC SCHOOL(105),Open,48625 S 502 RD,,SALINA,OK,74365,918-434-6498,L,5/30/2017,7/21/2017
36.387252,-94.816933,JAY UPPER ES(305),Open,10550 CR 433,,JAY,OK,74346,918-253-4413,B L,5/8/2017,7/28/2017
36.26107918,-94.69406,COLCORD ES(105),Open,400 S. SPENCER,,COLCORD,OK,74338,918-326-4006,B L,5/30/2017,7/28/2017
36.26210776,-94.69356204,COLCORD HS(715),Open,158 EAST POTTER STREET,,COLCORD,OK,74338,918-326-4006,B L,5/30/2017,7/28/2017
36.271091,-99.883907,SHATTUCK HS(705),Open,602 SOUTH HICKORY,,SHATTUCK,OK,73858,580-938-2586,B L,5/30/2017,6/29/2017
36.400726,-97.869444,GARFIELD ES(130),Open,400 N. 7TH ST,,ENID,OK,73701,580-366-7790,B L,6/5/2017,6/30/2017
36.41923,-97.88324,MONROE ES(165),Open,400 W. COTTONWOOD,,ENID,OK,73701,580-366-7500,B L,6/5/2017,6/30/2017
36.388662,-97.885399,ENID HS(705),Open,611 W. WABASH,,ENID,OK,73701,580-366-8390,B L,6/5/2017,6/30/2017
36.38802542,-97.87181167,First Church of God in Christ(N01),Open,477 EAST YORK STREET,,ENID,OK,73701,405-819-1479,L,6/5/2017,8/11/2017
36.37921,-97.87416,Forgotten Ministries(N2),Open,1714 S. 4TH STREET,,ENID,OK,73701,580-548-3182,L,7/14/2017,7/28/2017
34.82843,-97.26147,PAOLI ES(105),Open,107 DULIN DRIVE,,PAOLI,OK,73074,405-484-7336,B L,6/5/2017,7/28/2017
34.8279099,-97.2687775,PAOLI HS(705),Open,413 W. STEWART,,PAOLI,OK,73074,405-484-7336,B L,6/5/2017,7/28/2017
35.31128694,-97.94985245,MINCO ES(105),Open,311 SW 6TH,,MINCO,OK,73059,405-352-4377,L,5/30/2017,7/28/2017
34.91672694,-97.77754,ALEX ES(105),Open,209 S 2ND STREET,,ALEX,OK,73002,405-785-2605,B L,5/22/2017,7/28/2017
34.873709,-99.50755,Mangum First United Methodist Church(N01),Open,301 W. JEFFERSON,,MANGUM,OK,73554,580-782-2371,B L,6/5/2017,7/27/2017
35.1177792,-95.2404803,KINTA ES(105),Open,205 NORTH MAIN,,KINTA,OK,74552,918-768-3338,B L,5/22/2017,6/30/2017
35.1177792,-95.2404803,KINTA HS(705),Open,205 W. MAIN,,KINTA,OK,74552,918-768-3338,B L,5/22/2017,6/30/2017
35.254956,-95.120349,STIGLER ES(105),Open,302 NE 5TH STREET,,STIGLER,OK,74462,918-967-8271,B L,5/23/2017,6/29/2017
35.078864,-96.407983,ETHEL REED ES(120),Open,615 S BROADWAY,,HOLDENVILLE,OK,74848,405-379-3387,B L,5/8/2017,6/5/2017
35.07945,-96.39839,Big 5 Headstart(N01),Closed Enrolled,500 E MAIN ST,,HOLDENVILLE,OK,74848,405-379-3387,B L,5/8/2017,6/29/2017
35.08244327,-96.39143796,Bullitt & 11th St(N02),Open,711 BULLITT ST,,HOLDENVILLE,OK,74848,405-683-1571,L,5/8/2017,8/4/2017
35.088735,-96.375816,Housing Authority(N03),Open,301 CRESTVIEW DR,,HOLDENVILLE,OK,74848,405-379-3387,L,5/8/2017,8/4/2017
35.08592,-96.39638,Stroup Park(N04),Open,600 N BROADWAY,,HOLDENVILLE,OK,74848,405-220-3638,L,5/8/2017,8/4/2017
35.07755,-96.42574,Lou Drive Indian Housing(N05),Open,118 LOU DR,,HOLDENVILLE,OK,74848,405-379-3387,L,5/8/2017,8/4/2017
35.090559,-96.404048,Creek Nation Community(N08),Open,224 E POPLAR,,HOLDENVILLE,OK,74848,405-379-3387,L,5/8/2017,8/4/2017
35.099349,-96.40602,Neal Clark Indian Housing(N09),Open,101 NEAL - CLARK DR,,HOLDENVILLE,OK,74848,405-379-3387,L,5/8/2017,8/4/2017
35.0728414,-96.4027497,Oakridge (N10),Open,102 RIVEROAKS,,HOLDENVILLE,OK,74848,405-683-1571,L,5/8/2017,8/4/2017
35.0844111,-96.4258575,Holdenville Ridge Apartments(N12),Open,101 SPAULDING ROAD,,HOLDENVILLE,OK,74848,405-379-3387,L,5/8/2017,8/4/2017
35.078472,-96.397362,Church of God(N13),Open,624 E. MAIN ST.,,HOLDENVILLE,OK,74848,405-379-3387,L,5/8/2017,8/4/2017
35.082991,-96.401347,Summer Arts Institute(N15),Closed Enrolled,118 N BROADWAY,,HOLDENVILLE,OK,74848,405-379-3387,L,6/5/2017,6/22/2017
35.083392,-96.397429,Grace M.Pickens Public Library(N16),Open,209 E 9TH ST,,HOLDENVILLE,OK,74848,405-379-3387,L,5/8/2017,8/4/2017
35.08411224,-96.39931592,First Baptist Church(N17),Closed Enrolled,310 N BROADWAY,,HOLDENVILLE,OK,74848,405-379-3387,L,7/17/2017,7/21/2017
35.0867347,-96.3930814,Football Camp(N18),Closed Enrolled,1000 N GULF ( BUTCH RAWLS WEIGHT ROOM),,HOLDENVILLE,OK,74848,405-379-3387,B L,6/19/2017,7/27/2017
34.897467,-96.099219,STUART ES(105),Open,8837 4TH ST,,STUART,OK,74570,918-546-2627,B L,5/22/2017,6/29/2017
35.2725978,-96.0407193,STUART HS(705),Open,111,,STUART,OK,73034,918-951-9441,B L,5/22/2017,5/31/2017
34.649869,-99.325068,ALTUS INTERMEDIATE SCHOOL(145),Closed Enrolled,1221 N. HOWSE ST,,ALTUS,OK,73251,580-481-2676,B,5/24/2017,6/22/2017
34.371153,-96.4244,WAPANUCKA ES(105),Closed Enrolled,502 S CHOCTAW,,WAPANUCKA,OK,73461,580-937-4288,B L,5/22/2017,6/29/2017
36.718533,-97.089187,LIBERTY ES(120),Open,505 W. LIBERTY,,PONCA CITY,OK,74601,580-718-3936,B L,6/1/2017,6/30/2017
36.734582,-97.083412,UNION ES(130),Open,2617 N. UNION,,PONCA CITY,OK,74601,580-718-3936,B,6/5/2017,6/29/2017
36.705446,-97.10101,PONCA CITY WEST MS(505),Open,1401 W. GRAND AVENUE,,PONCA CITY,OK,74601,580-718-3936,L,6/1/2017,6/30/2017
36.6816246,-97.3067087,TONKAWA HS(715),Open,500 NORTH EAST AVENUE,,TONKAWA,OK,74653,580-628-3597,B L,6/1/2017,7/31/2017
36.716113,-97.079024,First Lutheran School(N01),Open,1104 N. 4TH,,PONCA CITY,OK,74601,580-762-9950,L,6/1/2017,8/11/2017
36.60423559,-97.08280564,Ponca Tribe of Oklahoma(N01),Open,230 WHITE EAGLE DR.,,PONCA CITY,OK,74601,580-762-3096,L,6/1/2017,7/28/2017
36.10955929,-97.89006,HENNESSEY LOWER ES(105),Open,130 MITCHELL ROAD,,HENNESSEY,OK,73742,405-853-4731,,6/5/2017,6/29/2017
36.110824,-97.891324,HENNESSEY HS(705),Open,707 E. OKLAHOMA,,HENNESSEY,OK,73742,405-853-4731,B L,6/5/2017,6/29/2017
34.65675,-98.9544,SNYDER ES(105),Open,901 C. STREET,,SNYDER,OK,73566,580-569-4214,L,6/1/2017,6/30/2017
34.92561,-95.32409,WILBURTON ES(105),Open,1201 WEST BLAIR AVENUE,,WILBURTON,OK,74578,918-465-3880,B L,5/22/2017,6/29/2017
36.6816203,-97.3067087,RED OAK ES(105),Open,"404 N MAIN, RED OAK, OK",,RED OAK,OK,74563,918-754-2426,B L,5/15/2017,6/22/2017
35.241158,-94.626467,SPIRO ES(110),Open,600 WEST BROADWAY,,SPIRO,OK,74959,918-635-0580,B L,5/22/2017,6/23/2017
34.8861004,-94.5999306,HEAVENER ES(105),Open,EAST 4TH AND G STREET,,HEAVENER,OK,74937,918-839-0898,B L,5/22/2017,6/29/2017
35.2598,-94.46584,POCOLA ES(105),Open,1000 PRYOR AVE,,POCOLA,OK,74902,918-436-2561,B L,5/22/2017,6/23/2017
35.1776884,-94.6755576,PANAMA ES(115),Open,1101 KENTUCKY AVE,,PANAMA,OK,74951,918-963-2785,B L,5/22/2017,6/29/2017
35.079941,-94.636559,POTEAU PRIMARY ES(120),Open,407 HUGHES DRIVE,,POTEAU,OK,74953,918-647-7799,B L,5/30/2017,6/30/2017
35.05154837,-94.61743918,PANSY KIDD MS(505),Open,607 PARKER STREET,,POTEAU,OK,74953,918-647-7700,B L,5/30/2017,6/30/2017
34.969429,-94.724468,WISTER ES(105),Open,201 LOGAN STREET,,WISTER,OK,74966,918-655-7481,B L,5/22/2017,6/29/2017
34.9533835,-94.6358981,HOWE ES(105),Open,21444 E N RAILROAD,,HOWE,OK,74940,918-658-3666,B L,5/22/2017,6/29/2017
35.041847,-94.634658,Carl Albert State College Upward Bound(N01),Residential Camp,1507 S. MCKENNA,,POTEAU,OK,74953,918-647-1334,B L S,6/5/2017,7/7/2017
35.89114214,-96.87507431,AGRA ES(105),Open,121 NORTH MAIN STREET,,AGRA,OK,74824,918-375-2268,B L,5/15/2017,6/8/2017
35.892661,-97.418899,GUTHRIE UPPER ES(125),Open,702 CROOKS DRIVE,,GUTHRIE,OK,73044,405-282-8900,B L,6/5/2017,6/29/2017
35.953099,-97.589936,CRESCENT ES(105),Open,106 N MAGNOLIA,,CRESCENT,OK,73028,405-969-3738,B L,5/22/2017,6/9/2017
34.08896,-96.77894,MADILL ES(105),Open,701 W TISHOMINGO,,MADILL,OK,73446,580-795-3303,B L,6/5/2017,6/16/2017
36.301045,-95.14859,SALINA ES(105),Open,907 N SALTWELL ST,,SALINA,OK,74365,918-434-2762,B L,5/30/2017,6/16/2017
36.1083839,-95.3679188,MAZIE ES(110),Open,COAL ST.,,CHOUTEAU,OK,74337,918-476-8335,L,5/30/2017,6/22/2017
36.192622,-95.34513,CHOUTEAU-MAZIE MS(505),Open,521 N. MCCRACKEN,,CHOUTEAU,OK,74337,918-476-8335,B L,5/30/2017,6/22/2017
36.313691,-95.308618,Roosevelt Unit(N02),Open,402 NORTH ORPHAN STREET,,PRYOR,OK,74361,918-824-5023,L,5/22/2017,8/4/2017
36.205052,-95.154713,Locust Grove Unit(N03),Open,"268 E JOE KOELSCH ST, BLDG 5",,LOCUST GROVE,OK,74352,918-479-3850,L,5/22/2017,8/4/2017
36.296843,-95.299729,RG Unit(N04),Open,1111 SE 9TH,,PRYOR,OK,74361,918-825-9843,L,5/22/2017,8/4/2017
35.048921,-97.371902,PURCELL ES(105),Open,2907 BLUE STEM CT,,PURCELL,OK,73080,405-527-2146,B L,6/5/2017,7/28/2017
33.8955584,-94.8382687,FOREST GROVE PUBLIC SCHOOL(105),Open,1941 FOREST GROVE ROAD,,GARVIN,OK,74736,580-286-3961,B L,6/5/2017,7/27/2017
33.893554,-94.821167,CENTRAL ES(110),Open,206 SE AVE F,,IDABE,OK,74745,580-286-5346,B L,5/15/2017,6/29/2017
33.882829,-94.815524,IDABEL HS(710),Open,901 LINCOLN RD,,IDABEL,OK,74745,580-286-8274,B L,5/15/2017,6/29/2017
33.8883463,-94.8384765,Westside Park(N2),Open,901 SW VAN BUREN,,IDABEL,OK,74745,580-208-8276,L,6/1/2017,6/29/2017
33.89371,-94.83727,Booker T Washingto(N3),Open,1000 W MAIN,,IDABEL,OK,74745,580-286-8274,L,6/1/2017,6/29/2017
33.84837,-94.65442,HAWORTH ES(105),Open,300 NORTH MAPLE,,HAWORTH,OK,74740,(580)245-1460,B L,5/22/2017,6/29/2017
34.003014,-95.087884,VALLIANT ES(110),Open,400 EAST MOSLEY ST,,VALLIANT,OK,74764,580-933-7140,B L,5/22/2017,6/29/2017
34.0663174,-95.0065247,WRIGHT CITY ES(105),Open,8TH AND SCHOOL STREET,,WRIGHT CITY,OK,74766,580-981-7151,B L,5/15/2017,6/30/2017
34.3942044,-94.9272887,BATTIEST ES(105),Open,5635  BATTIEST PICKENS RD,,BROKEN BOW,OK,74728,580-241-5499,B L,5/22/2017,6/29/2017
35.470801,-95.53762,CHECOTAH HS(705),Open,491 PAUL CARR DRIVE,,CHECOTAH,OK,74426,918-473-8013,B L,5/16/2017,6/30/2017
35.745159,-95.393781,CHEROKEE ES(105),Open,2400 ESTELLE,,MUSKOGEE,OK,74401,918-684-3765,L,6/5/2017,6/7/2017
35.731072,-95.336188,GRANT-FOREMAN ES(125),Open,800 BACONE,,MUSKOGEE,OK,74403,918-684-3864,L,6/5/2017,6/28/2017
35.754395,-95.352239,IRVING ES(140),Open,1100 NORTH J STREET,,MUSKOGEE,OK,74403,918-684-3840,B L,6/5/2017,6/28/2017
35.74483,-95.34728,ALICE ROBERTSON JHS(505),Open,402 N S ST,,MUSKOGEE,OK,74403,918-684-3775,B L,6/5/2017,7/20/2017
35.77035,-95.329626,MUSKOGEE HS(705),Open,3200 E SHAWNEE,,MUSKOGEE,OK,74403,918-684-3750,L,6/5/2017,7/20/2017
35.7645897,-95.4138049,CAMP BENNETT(N03),Open,40TH & PARK AVENUE,,MUSKOGEE,OK,74401,(918)684-3700,L,6/5/2017,7/6/2017
35.736816,-95.363823,SALVATION ARMY BOYS & GIRLS CLUB(N10),Open,700 INDEPENDENCE,,MUSKOGEE,OK,74403,918-682-3384,L,6/5/2017,7/20/2017
35.75621,-95.39123,PROJECT TRANSFORMATION(N11),Open,2130 W BROADWAY,,MUSKOGEE,OK,74401,(918)687-7571,L,6/5/2017,7/20/2017
35.7436702,-95.3603352,Spaulding Park(N16),Open,EAST OKMULGEE & EASTSIDE BOULEVARD,,MUSKOGEE,OK,74403,918-684-3765,L,6/5/2017,7/20/2017
35.74831,-95.3733,Farmers Market(N17),Open,425 BOSTON,,MUSKOGEE,OK,74401,918-684-3765,L,6/7/2017,7/19/2017
35.733327,-95.3603784,Robison Park(N19),Open,GULICK & AUGUSTA STREETS,,MUSKOGEE,OK,74402,000-000-0000,L,6/5/2017,7/20/2017
35.74522,-95.37168,GOSPEL RESCUE MISSION(N23),Open,326 S 2ND AVE,,MUSKOGEE,OK,74401,918-616-8331,L,6/5/2017,6/28/2017
35.76515456,-95.41366633,HONOR HEIGHTS(N24),Open,1400 HONOR HEIGHTS DR,,MUSKOGEE,OK,74401,000-000-0000,L,6/5/2017,7/20/2017
35.746588,-95.370926,ST. MARK BAPTIST CHURCH(N26),Open,1020 S 2ND STREET,,MUSKOGEE,OK,74401,918-348-4452,L,6/5/2017,7/20/2017
35.495727,-95.304065,WARNER ES(105),Open,1012 NORTH 5TH,,WARNER,OK,74469,918-463-5171,B L,5/22/2017,6/16/2017
35.75526,-95.39358,CHRIST FOR THE WORLD(N01),Open,120 N 24TH STREET,,MUSKOGEE,OK,74401,918-684-9963,L,6/5/2017,8/4/2017
35.74799,-95.36328,MUSKOGEE TEEN CENTER(N03),Open,322 CALLAHAN ST.,,MUSKOGEE,OK,74403,918-684-6345,S,6/5/2017,8/4/2017
35.71532,-95.35716,MUSKOGEE FIRST ASSEBMLY(N05),Open,3100 GULICK,,MUSKOGEE,OK,74403,918-682-9000,B L,6/5/2017,7/28/2017
35.771532,-95.367984,WHISPERING PINES APTS(N22),Open,2061 CARROLL STREET,,MUSKOGEE,OK,74401,918-686-6613,B L,6/5/2017,8/4/2017
35.771347,-95.407902,Port City Acres(N24),Open,2103 N 36TH ST,,MUSKOGEE,OK,74401,918-682-3672,B L,6/5/2017,8/4/2017
35.732428,-95.384126,Green Country Village(N25),Open,1518 S 5TH ST,,MUSKOGEE,OK,74401,918-687-5631,B L,6/5/2017,8/4/2017
35.755513,-95.368428,Martin Luther King Jr. Community Center(N01),Open,300 MARTIN LUTHER KING JR. STREET,,MUSKOGEE,OK,74401,918-684-6314,B L,5/30/2017,7/28/2017
35.75508,-95.392924,St. Paul United Methodist Church(N3),Open,2130 WEST OKMULGEE,,MUSKOGEE,OK,74401,918-687-7571,B,6/5/2017,7/27/2017
35.752321,-95.375186,Muskogee County Headstart Youth Central Campus(N4),Closed Enrolled,301 N. 6TH ST.,,MUSKOGEE-RENTING THEIR BUILDING ONLY,OK,74401,918-683-4600,L,6/1/2017,7/28/2017
36.53100959,-97.44404102,BILLINGS ES(105),Open,311 N. CENTRAL,,BILLINGS,OK,74630,580-725-3271,B L,5/22/2017,8/16/2017
36.46218,-97.15823,FRONTIER ES(105),Open,17750 VALLEY ROAD,,RED ROCK,OK,74651,580-723-4223,B L,5/22/2017,6/23/2017
36.696407,-95.639623,Boys and Girls Club of Nowata(N01),Open,300 S. PINES ST.,,NOWATA,OK,74048,918-273-1007,L,6/5/2017,7/28/2017
35.578719,-97.539889,Stanley Hupfeld Academy at Western Village(N01),Closed Enrolled,1508 NW 106TH ST,,OKLAHOMA CITY,OK,73114,405-751-1774,B,6/5/2017,6/16/2017
35.500565,-97.659197,LAKE PARK ES(124),Closed Enrolled,8221 NW 30TH,,BETHANY,OK,73008,405-789-7068,B L,6/5/2017,6/29/2017
35.543095,-97.656474,COOPER MS(520),Open,8001 RIVERBEND,,OKLAHOMA CITY,OK,73132,405-720-9887,B L,6/5/2017,6/29/2017
35.484914,-97.614362,MAYFIELD MS(540),Open,1600 N. PURDUE,,OKLAHOMA CITY,OK,73127,405-947-8693,B L,6/5/2017,6/29/2017
35.522221,-97.608336,PUTNAM CITY HS(705),Open,5300 NW 50TH,,WARR ACRES,OK,73122,405-789-4350,B L,6/5/2017,6/29/2017
35.58962,-97.63403,PUTNAM CITY NORTH HS(708),Open,11800 N. ROCKWELL,,OKLAHOMA CITY,OK,73162,405-722-4220,B L,6/5/2017,6/29/2017
35.493151,-97.659214,PUTNAM CITY WEST HS(710),Open,8500 N.W. 23RD,,OKLAHOMA CITY,OK,73127,405-787-1140,B L,6/5/2017,6/29/2017
35.5606926,-97.2924287,JONES HS(705),Open,304 DR. LEE SIMMONS DR.,,JONES,OK,73049,405-399-9122,B L,6/5/2017,8/11/2017
35.64713,-97.48866,SUNSET ES(130),Open,400 W 8TH ST,,EDMOND,OK,73003,405-340-2993,B L,6/5/2017,6/29/2017
35.471649,-97.648859,COUNCIL GROVE ES(105),Open,7721 W MELROSE LN.,,OKLAHOMA CITY,OK,73127,405-350-3465,B L,5/31/2017,6/22/2017
35.400666,-97.57179,JOHN GLENN ES(107),Open,6501 S LAND,,OKLAHOMA CIT,OK,73159,405-350-3480,B L,5/31/2017,6/22/2017
35.426051,-97.659563,WINDS WEST ES(115),Open,8300 SW 37TH,,OKLAHOMA CITY,OK,73179,405-261-3475,B L,5/31/2017,6/22/2017
35.44831,-97.65246,BRIDGESTONE ES(120),Open,1700 S COUNCIL RD,,OKLAHOMA CITY,OK,73179,405-350-3420,B L,6/5/2017,6/22/2017
35.455559,-97.396235,COUNTRY ESTATES ES(115),Open,1609 FELIX,,MIDWEST CITY,OK,73110,405-739-1661,B L,5/30/2017,6/22/2017
35.44094,-97.436869,DEL CITY ES(120),Open,2400 EPPERLY DR.,,DEL CITY,OK,73115,405-671-8640,B L,5/30/2017,6/22/2017
35.45076,-97.4763,CENTRAL OAK ES(105),Open,1450 S EASTERN AVE,,OKLAHOMA CITY,OK,73129,405-672-1525,B L,5/16/2017,6/9/2017
35.427019,-97.577773,ADAMS ES(105),Open,3416 SW 37TH STREET,,OKLAHOMA CITY,OK,73119,405-601-9365,B L,6/5/2017,6/22/2017
35.567985,-97.534641,BRITTON ES(125),Open,1215 NW 95,,OKLAHOMA CITY,OK,73114,405-607-3930,B L,6/5/2017,6/22/2017
35.428211,-97.510269,CESAR CHAVEZ ES(150),Open,600 SE GRAND BLVD,,OKLAHOMA CITY,OK,73129,405-606-6056,B L,6/5/2017,6/22/2017
35.482609,-97.47785,F.D. MOON ES(170),Open,1901 NE 13,,OKLAHOMA CITY,OK,73117,405-601-6852,B L,6/5/2017,6/29/2017
35.484171,-97.532025,EUGENE FIELD ES(215),Open,1515 N. KLEIN,,OKLAHOMA CITY,OK,73106,405-606-2057,B L,6/5/2017,6/22/2017
35.396605,-97.502673,HAYES ES(260),Open,6900 S BYERS,,OKLAHOMA CITY,OK,73149,405-606-4138,B L,6/5/2017,6/22/2017
35.434743,-97.53795,HERONVILLE ES(265),Open,1240 SW 29,,OKLAHOMA CITY,OK,73109,405-636-2704,B L,6/5/2017,6/22/2017
35.518033,-97.53095,HORACE MANN ES(270),Open,1105 NW 45TH STREET,,OKLAHOMA CITY,OK,73106,405-602-6302,B L,6/5/2017,6/22/2017
35.563856,-97.553555,JOHNSON ES(275),Open,1810 SHEFFIELD ROAD,,OKLAHOMA CITY,OK,73120,405-607-3697,B L,6/5/2017,6/29/2017
35.50014,-97.58946,KAISER ES(280),Closed Enrolled,3101 N. LYON BLVD,,OKLAHOMA CITY,OK,73112,405-605-3570,B L,6/12/2017,6/29/2017
35.486494,-97.577917,LINWOOD ES(305),Open,3416 NW 17,,OKLAHOMA CITY,OK,73107,405-605-4381,B L,6/5/2017,6/29/2017
35.398573,-97.518015,PARMELEE ES(352),Open,6700 S. HUDSON,,OKLAHOMA CITY,OK,73139,405-601-0418,B L,6/5/2017,6/29/2017
35.39986,-97.54015,PRAIRIE QUEEN ES(360),Open,1325 SW 66TH STREET,,OKLAHOMA CITY,OK,73159,405-609-8993,B L,6/5/2017,6/29/2017
35.441059,-97.57051,ROCKWOOD ES(385),Open,3101 SW 24,,OKLAHOMA CITY,OK,73108,405-702-0569,B L,6/5/2017,6/29/2017
35.487129,-97.360691,TELSTAR ES(417),Open,9521 NE 16TH STREET,,OKLAHOMA CITY,OK,73130,405-455-7320,B L,6/5/2017,6/29/2017
35.47602,-97.476587,DOUGLASS MS(512),Open,900 N. MARTIN LUTHER KING AVENUE,,OKLAHOMA CITY,OK,73117,405-602-2786,B L,6/5/2017,6/29/2017
35.47602,-97.476587,DOUGLASS HS(707),Open,900 N. MARTIN LUTHER KING AVENUE,,OKLAHOMA CITY,OK,73117,405-602-2786,B L,6/5/2017,6/29/2017
35.415185,-97.545773,U. S. GRANT HS(712),Open,5016 S. PENNSYLVANIA,,OKLAHOMA CITY,OK,73119,405-602-3273,B L,6/5/2017,6/22/2017
35.593482,-97.587246,JOHN MARSHALL HS(726),Open,12201 N. PORTLAND,,OKLAHOMA CITY,OK,73120,405-607-3769,B L,6/5/2017,6/29/2017
35.52216,-97.492576,Shiloh Baptist Church(N03),Open,1108 NE 50TH ST,,OKLAHOMA CITY,OK,73111,405-424-3141,L,6/26/2017,7/15/2017
35.473283,-97.483289,Victory Temple COGIC(N04),Open,630 N BATH,,OKLAHOMA CITY,OK,73117,405-973-6965,L,6/5/2017,7/12/2017
35.6383,-97.47372,Sunny Kids at Coffee Creek(N08),Open,501 SW 15TH,,EDMOND,OK,73013,405-696-1213,L,5/31/2017,6/20/2017
36.2419549,-96.6829378,Maramec United Methodist Church(N15),Open,501 2ND STREET,,MARAMEC,OK,74045,405-742-2835,L,6/5/2017,7/28/2017
35.3041203,-98.5569335,Faith Holiness Church(N16),Open,212 N. POLARIS,,EAKLY,OK,73048,405-929-0393,L,7/24/2017,7/28/2017
35.8417904,-97.9460037,Kingfisher Church of Christ(N19),Open,913 WEST WILL ROGERS,,KINGFISHER,OK,73750,405-375-3919,L,6/5/2017,6/30/2017
35.445619,-97.434862,Del City church of Christ(N3),Open,1901 VICKIE DRIVE,,DEL CITY,OK,73115,405-672-1311,L,7/17/2017,7/27/2017
36.08291,-96.58171282,God's Gym(N34),Open,309 E. PETERSON ST.,,OILTON,OK,74052,918-277-9205,L,6/5/2017,7/28/2017
35.57883,-97.53264,North Village-Mission OKC(N39),Open,10735 N. WESTERN,,OKLAHOMA CITY,OK,73114,405-755-0300,L,6/12/2017,7/27/2017
35.5830352,-97.54929,Riverchase-Mission OKC(N40),Open,11239 N. PENN,,OKLAHOMA CITY,OK,73120,405-694-8381,L,6/12/2017,7/27/2017
35.47774,-97.59555,The Meridian-Mission OKC(N43),Open,4220 NW 10TH ST.,,OKLAHOMA CITY,OK,73107,405-694-8381,L,6/12/2017,7/27/2017
35.4788,-97.61223747,Wentwood at Macar-Mission OKC(N44),Open,5001 NW 10TH ST.,,OKLAHOMA CITY,OK,73127,405-694-8381,L,6/12/2017,7/27/2017
35.477786,-97.628266,The Terrace Apts-Mission OKC(N45),Open,6640 NW 10TH ST.,,OKLAHOMA CITY,OK,73127,405-694-8381,L,6/12/2017,7/27/2017
35.47433123,-97.64581077,London Square-Mission OKC(N47),Open,7553 NW 6TH ST.,,OKLAHOMA CITY,55,73127,405-694-8381,L,6/12/2017,7/27/2017
35.42759814,-95.97758902,New Lake Village Apts. (Henryetta)(N5),Open,1212 NEW LAKE ROAD.,,HENYRETTA,OK,74437,918-652-4452,L,6/5/2017,7/28/2017
36.146996,-95.922836,Will Rogers UMC(N54),Open,1138 S. YALE AVE.,,TULSA,OK,74112,918-834-0891,L,6/8/2017,7/27/2017
36.0539943,-98.5880485,C&A Tribe-Canton(N58),Open,205/207 N. JEFFERSON STREET,,CANTON,OK,73724,405-623-3223,L,6/5/2017,7/28/2017
35.6340368,-99.3811039,C&A Tribe-Hammon(N59),Open,801 DUNN ST.,,HAMMON,OK,73650,580-623-0103,L,6/5/2017,7/28/2017
35.84449,-98.41797,C&A Tribe-Watonga(N60),Open,100 N. HARMON,,WATONGA,OK,73772,580-623-3223,L,6/5/2017,7/28/2017
35.13133,-96.77896,Maud Public Schools(N76),Open,306 WEST MAIN ST.,,MAUD,OK,74854,405-374-2416,L,6/5/2017,7/28/2017
35.47883558,-97.64552023,Heritage Ridge(N83),Open,7550 NW 10TH.,,OKLAHOMA CITY,OK,73127,405-694-8381,L,6/12/2017,7/27/2017
35.47877,-97.66099,Lakeview Condos(N84),Open,8400 NW 10TH ST.,,OKLAHOMA CITY,OK,73127,405-694-8381,L,6/12/2017,7/27/2017
35.5830352,-97.54929,The Highlands(N87),Open,11239 N. PENN,,OKLAHOMA CITY,OK,73120,405-694-8381,L,6/12/2017,7/27/2017
35.57883,-97.53264,Brdigeport Apts(N88),Open,10735 N. WESTERN,,OKLAHOMA CITY,OK,73114,405-694-8381,L,6/12/2017,7/27/2017
35.59953793,-97.55446388,Village at Sratford(N90),Open,12831 N. STRATFORD,,OKLAHOMA CITY,OK,73120,405-694-8381,L,6/12/2017,7/21/2017
36.1492851,-98.92451,C&A Tribe-Seiling Head Start(N94),Open,411 N. MAIN STREET,,SEILING,OK,73663,405-422-7873,L,6/5/2017,7/28/2017
35.63108749,-98.31683281,C&A Tribe-Geary Community Hall(N95),Open,124 E. MAIN STREET,,GEARY,OK,73040,405-422-7873,L,6/5/2017,7/28/2017
35.493788,-97.479183,New Bethel Baptist Church(N2),Open,1844 EAST MADISON STREET,,OKLAHOMA CITY,OK,73111,405-286-3099,B L,6/5/2017,7/28/2017
35.47540922,-97.45912575,Douglass East Park(N3),Open,801 NORTH BRYANT AVE,,OKLAHOMA CITY,OK,73117,405-286-3099,S,6/10/2017,7/28/2017
35.539573,-97.476481,Millwood Track Field(N5),Open,6718 NORTH MARTIN LUTHER KING,,OKLAHOMA CITY,OK,73111,405-286-3099,S,6/10/2017,7/28/2017
35.493788,-97.479935,Kancacha Kidz(N7),Open,1824 EAST MADISON STREET,,OKLAHOMA CITY,OK,73111,405-286-3099,S,7/3/2017,7/28/2017
35.421479,-97.4202401,Tinker Youth Center(N01),Closed Enrolled,4460 MCNARNEY AVE,,TINKER AFB,OK,73145,405-734-7866,B L,5/25/2017,8/17/2017
35.446407,-97.441825,Enrichment Cafe(N01),Open,1911 SOUTH SUNNYLANE RD SUITE A,,DEL CITY,OK,73135,405-601-4291,B L,6/5/2017,8/19/2017
34.76591143,-96.68979286,Ada Boys and Girls Club(N4),Open,915 S HICKORY,,ADA,OK,74820,580-332-3717,S,5/30/2017,8/4/2017
35.48549,-97.49392,Young Achievers (N6),Open,1025 NE 15TH ST,,"OKC, OK",OK,73117,405-424-1701,L,6/19/2017,7/28/2017
34.80729,-96.67983,St James Church Of God In Christ(N7),Open,3015 N TOWNSEND,,ADA,OK,74820,580-332-3717,S,6/19/2017,6/23/2017
35.480916,-97.516377,First Baptist Church(N01),Open,1201 N ROBINSON,,OKLAHOMA CITY,OK,73103,405-492-3961,B L,6/1/2017,8/5/2017
35.48133,-97.5073,Chaparral Townhouses(N2),Open,1301 N STILES,,OKLAHOMA CITY,OK,73104,903-240-5501,B L,6/1/2017,8/4/2017
35.48034061,-97.4036751,Silverwood Apartments(N3),Open,403 W SILVERWOOD DRIVE,,MIDWEST CITY,OK,73110,405-881-2916,B L,6/1/2017,8/4/2017
35.48224,-97.536537,Mckinley Park Community Center(N4),Open,1300 N MCKINLEY AVE,,OKLAHOMA CITY,OK,73106,405-525-0288,B L,6/14/2017,8/5/2017
35.491437,-97.490944,Greater New Bethlehem Temple(N01),Open,2209 N EVEREST AVENUE,,OKLAHOMA CITY,OK,73111,405-673-4628,B L,8/1/2017,8/12/2017
35.455625,-97.439179,Cathedral of Praise(N4),Open,4400 VFW DRIVE,,DEL CITY,OK,73115,405-604-0909,L,6/12/2017,8/17/2017
35.43172,-97.45919,Oakridge Village(N5),Open,3340 S. BRYANT AVENUE,,DEL CITY,OK,73115,405-673-4628,L,6/12/2017,8/18/2017
35.42034,-97.43908,Simms Boxing Academy(N6),Open,4420 SE 44TH STREET,,OKLAHOMA CITY,OK,73135,405-673-4628,S,6/12/2017,8/18/2017
36.067007,-95.301391,YMCA Camp Takatoka(N01),Residential Camp,32701 E 660 ROAD,,CHOTEAU,OK,74337,918-728-3922,B L S,6/12/2017,6/17/2017
35.542489,-97.493021,Wildwood Christian Church(N01),Open,6900 N. KELLEY AVE,,OKLAHOMA CITY,OK,73111,405-830-0163,B L,6/5/2017,8/25/2017
35.554961,-97.518037,North Highland Park(N2),Open,301 NW 81ST ST/9316 N FRANCIS AVE,,OKLAHOMA CITY,OK,73114,405-510-6530,L,6/5/2017,8/25/2017
35.50407483,-97.49100309,Northeast Pool(N3),Open,1226 NE 33RD ST,,OKLAHOMA CITY,OK,73111,405-659-2283,L,6/19/2017,7/21/2017
35.408899,-97.55177,OKC Dream Center(N01),Open,2212 SW 55TH ST,,OKLAHOMA CITY,OK,73119,405-634-2615,B L,6/5/2017,7/27/2017
35.483131,-97.481946,Avery Chapel(N01),Open,1425 N. KELHAM AVE,,OKLA CITY,OK,73117,405-424-3331,B L,6/5/2017,7/28/2017
35.88616,-94.88995,Salvation Army Heart O' Hills(N01),Residential Camp,23125 SALVATION ROAD,,WELLING,OK,74471,918-456-9882,B L S,6/7/2017,7/16/2017
35.505554,-97.530043,Boys and Girls Club - Memorial Park(N02),Open,3535 NORTH WESTERN,,OKLAHOMA CITY,OK,73118,405-521-9292,L,6/5/2017,7/28/2017
35.4208191,-97.46335343,Boys and Girls Club - Salvation Army(N03),Open,2808 SE 44TH ST,,OKLAHOMA CITY,OK,73109,405-677-4781,B,6/5/2017,7/28/2017
35.436989,-97.516588,Capitol Hill Church of Christ(N05),Open,2801 S. ROBINSON AVE.,,OKLAHOMA CITY,OK,73109,918-693-3568,L,6/5/2017,7/25/2017
35.051069,-97.941599,Chickasha YMCA(N100),Open,725 W CHICKASHA AVE.,,CHICKASHA,OK,73018,405-224-2281,L,5/30/2017,8/16/2017
35.564817,-97.530336,St. Jude Missionary Baptist Church(N109),Open,1001 NW 92ND ST,,OKLAHOMA CITY,OK,73114,405-286-6917,L,6/5/2017,7/28/2017
35.56841,-97.653508,Camp SOAR(N118),Open,7900 DEVORE DRIVE,,OKLAHOMA CITY,OK,73162,405-621-5858,L,6/5/2017,7/27/2017
35.64168,-97.473595,Rankin YMCA(N123),Open,1220 S RANKIN,,EDMOND,OK,73034,405-348-9622,L,6/5/2017,7/28/2017
35.400554,-97.57159,OCCC Family & Community Center(N125),Open,6500 S. LAND AVE,,OKLAHOMA CITY,OK,73159,405-682-1611,L,6/9/2017,7/28/2017
36.39518,-97.86749,Zoe Kids Cafe of Enid(N126),Open,729 E MAINE AVE,,ENID,OK,73701,580-237-7703,L,6/5/2017,7/28/2017
35.412093,-97.549098,Boys and Girls Club- Santa Fe South(N127),Open,5325 S. PENNSYLVANIA AVE,,OKLAHOMA CITY,OK,73119,405-681-7480,L,6/5/2017,7/14/2017
35.449098,-97.493357,Ambassador Courts Housing(N13),Open,800 SE 15TH ST.,,OKLAHOMA CITY,OK,73129,405-631-3769,L,6/5/2017,7/28/2017
35.351667,-97.527528,Shartel Church of God(N130),Open,11600 S WESTERN AVE,,OKLAHOMA CITY,OK,73170,405-290-5027,L,6/5/2017,7/28/2017
35.52108,-97.48262,Greater Cleaves Memorial CME(N132),Open,1609 NE 48TH STREET,,OKLAHOMA CITY,OK,73111,405-427-6905,B L,6/5/2017,6/16/2017
35.439509,-97.514684,OCCC Capitol Hill Center(N133),Open,"123 SW 25TH ST, STE 100",,OKLAHOMA CITY,OK,73109,405-272-5140,L,6/5/2017,7/14/2017
35.504614,-97.580691,Will Rogers Garden Expo(N138),Open,3400 NW 36TH STREET,,OKLAHOMA CITY,OK,73012,405-943-0827,L,6/12/2017,7/26/2017
34.5052174,-97.9376297,One True Light- Fuqua Park West(N143),Open,US-81 & BEECH,,DUNCAN,OK,73534,580-467-8133,L,6/5/2017,7/27/2017
35.44748,-97.57533,Oak Grove Housing(N15),Open,3301 SW 17TH ST,,OKLAHOMA CITY,OK,73108,405-681-2381,L,6/5/2017,7/28/2017
34.497686,-97.945628,One True Light- True Gospel Tabernacle(N150),Open,301 S 1ST STREET,,DUNCAN,OK,73533,580-467-8133,L,6/5/2017,7/27/2017
35.328802,-96.921056,Boys & Girls Club - Salvation Army Shawnee(N151),Open,200 E 9TH ST,,SHAWNEE,OK,74801,405-273-1470,S,5/30/2017,7/28/2017
35.478283,-97.649568,Reaching Our City(N152),Open,7710 NW 10TH STREET,,OKLAHOMA CITY,OK,73127,405-440-9994,L,6/5/2017,6/29/2017
35.879821,-97.449148,Guthrie YMCA(N155),Open,2001 W NOBLE,,GUTHRIE,OK,73044,405-282-8206,L,5/30/2017,8/11/2017
35.407827,-99.422415,Elk City(N156),Open,1501 W 7TH,,ELK CITY,OK,73644,580-243-0770,L,7/5/2017,7/27/2017
34.649869,-99.325068,"Southwestern Youth Services, Inc.(N159)",Open,1221 N HOWSE,,ALTUS,OK,73521,508-482-2809,L,5/24/2017,6/22/2017
35.50742,-97.48579,Sooner Haven Housing(N16),Open,1444 NE 36TH,,OKLAHOMA CITY,OK,73111,405-424-4651,L,6/5/2017,7/28/2017
34.170804,-97.120613,HFV Wilson Community Center(N161),Open,625 E. MAIN,,ARDMORE,OK,73401,580-223-0136,B L,5/22/2017,8/11/2017
36.11816875,-98.31451125,Okeene Elementary (N162),Open,306 N. 6TH ST.,,OKEENE,OK,73763,580-822-5624,L,5/30/2017,6/30/2017
34.746861,-97.228977,Donald W. Reynolds Rec Center(N163),Open,1005 N. WILLOW ST,,PAULS VALLEY,OK,73075,405-238-1307,L,6/5/2017,7/28/2017
35.4946575,-96.48365229,Well Springs Community Service(N164),Open,120 S. PECAN,,BOLEY,OK,74829,918-667-3612,L,6/12/2017,8/4/2017
35.9466565,-97.2560871,Langston BSU(N168),Open,3016 W SAMMY DAVIS JR. DR,,LANGSTON,OK,73050,405-248-3276,B L,6/1/2017,7/31/2017
35.449786,-97.542289,Will Rogers Courts Housing(N17),Open,1637 SW 15TH ST,,OKLAHOMA CITY,OK,73108,405-632-6060,L,6/5/2017,7/27/2017
35.47151,-97.50098,Foster Center(N170),Open,614 NE 4TH ST,,OKLAHOMA CITY,OK,73104,405-297-1423,L,6/5/2017,7/28/2017
35.514139,-97.478848,Freedom School OKC(N171),Open,1901 SPRINGLAKE DR,,OKLAHOMA CITY,OK,73111,405-924-3143,B L,6/12/2017,7/19/2017
35.892661,-97.418899,Guthrie Upper Elem. 1(N176),Open,702 N. CROOKS,,GUTHRIE,OK,73044,405-282-8206,L,5/30/2017,8/11/2017
35.361811,-97.502893,Moore FRC(N178),Open,2635 N SHIELDS BLVD,,MOORE,OK,73160,405-600-3187,L,6/5/2017,7/28/2017
35.540598,-97.59881182,CCIO(N180),Open,4400 NW EXPRESSWAY,,OKLAHOMA CITY,OK,73116,405-585-6520,L,6/5/2017,7/27/2017
35.479461,-97.548126,Jubilee Partners(N181),Open,1121 N. PENN AVE,,OKLAHOMA CITY,OK,73107,405-888-1271,L,6/19/2017,7/21/2017
35.5056,-97.37932,Oklahoma Care Club(N185),Open,3556 N. SPENCER AVE.,,SPENCER,OK,73084,405-708-2106,,6/12/2017,7/28/2017
36.7099473,-99.8964693,Laverne Delphian Library(N186),Open,122 W JANE JAYROE,,LAVERNE,OK,73848,580-921-7323,,6/12/2017,7/11/2017
36.27013,-99.87907,1st United Methodist Church(N187),Open,701 S OLIVE ST,,SHATTUCK,OK,73858,405-802-7500,L,7/10/2017,8/11/2017
35.229036,-97.195547,Little Axe Community Center(N19),Open,1000 168TH AVE NE,,NORMAN,OK,73026,405-292-9770,L,6/5/2017,7/27/2017
34.38962653,-99.00836,Lunch at the Park(N190),Open,110 S 17TH ST,,FREDERICK,OK,73542,580-305-7313,L,5/30/2017,7/28/2017
36.70964918,-99.90030408,Laverne City Park(N193),Open,605 W JANE JAYROE BLVD,,LAVERNE,OK,73848,580-334-1223,L,6/6/2017,6/28/2017
36.109805,-97.055501,Stillwater Salvation Army(N194),Open,1101 S LOWRY,,STILLWATER,OK,74074,405-372-1554,L,5/30/2017,7/27/2017
35.223345,-97.432928,Boys & Girls Club of Norman @CCFI(N195),Open,210 S.COCKREL AVE,,NORMAN,OK,73071,405-364-1420,L,6/5/2017,6/30/2017
34.78028184,-99.33412204,First Baptist Church Blair(N199),Open,420 HUGHES DR,,BLAIR,OK,73526,580-563-2432,L,6/5/2017,6/30/2017
36.42666,-97.88521,Youth and Family Services of North Central Oklahoma(N201),Homeless Children,605 W OXFORD AVE,,ENID,OK,73701,580-233-7220,S,5/25/2017,8/15/2017
34.164732,-97.422715,Boys & Girls Clubs of Carter County-Teen Town(N203),Open,532 BIRCH,,WILSON,OK,73463,580-336-3115,L,6/5/2017,7/31/2017
35.86798103,-99.34220041,Leedey School(N209),Open,505 E 6TH ST.,,LEEDEY,OK,73654,580-243-8001,L,5/22/2017,8/3/2017
36.4382362,-99.2074876,Beyond the Pages(N210),Open,223 S MAIN,,MOORELAND,OK,73852,580-994-6006,L,5/15/2017,8/16/2017
35.485899,-97.450592,Northeast District Center(N212),Open,3401 NE 16TH ST,,OKLAHOMA CITY,OK,73111,405-424-0315,L,6/12/2017,7/26/2017
35.492319,-97.656065,Camp Oaks(N215),Open,8100 NW 23RD ST,,OKLAHOMA,OK,73127,405-789-0231,L,6/5/2017,7/27/2017
35.64662101,-97.48714966,Camp Sunset(N217),Open,310 W. 9TH ST,,OKLAHOMA,OK,73034,405-290-5088,,6/5/2017,7/27/2017
35.50655263,-97.61891632,Neighborhood Services Organization WIC Clinic(N218),Open,3530 N MACARTHUR BLVD,,OKLAHOMA CITY,OK,73122,405-942-2008,B L,6/5/2017,7/28/2017
35.494399,-97.554529,OCCHD Shepherd Mall WIC Clinic(N219),Closed Enrolled,"2401 NW 23RD STREET, SUITE 2G",,OKLAHOMA CITY,OK,73107,405-425-4494,L,6/5/2017,7/28/2017
35.463983,-97.581169,OCCHD Fair Park WIC Clinic(N220),Open,"210 QUADRUM DRIVE, SUITE A",,OKLAHOMA CITY,OK,73108,405-605-4942,L,6/5/2017,7/28/2017
35.565756,-97.558996,Camp Village- Village United Methodist Church(N223),Open,2501 W. BRITTON RD,,OKLAHOMA CITY,OK,73120,405-420-1140,L,6/5/2017,7/28/2017
35.493061,-97.56907,Community Advance at Northwest Baptist Church(N224),Open,3030 NW 23RD ST,,OKLAHOMA CITY,OK,73107,405-942-5557,L,6/12/2017,7/21/2017
35.42665125,-96.30097875,Summer Kids Cafe(N227),Open,106 DATE,,OKEMAH,OK,74859,918-399-1479,B L,6/5/2017,7/17/2017
34.493493,-97.948248,One True Light-Douglass Park(N231),Open,702 S 2ND PL,,DUNCAN,OK,73533,580-467-8133,S,6/5/2017,7/27/2017
36.80699,-97.73874,Medford City Park(N234),Open,400 W CHEROKEE,,MEDFORD,OK,73759,580-395-2823,L,7/5/2017,7/28/2017
34.51654,-97.966374,Chickasaw Nation WIC(N236),Open,"1206 HWY 81, SUITE 6",,DUNCAN,OK,73533,580-470-8143,L,6/5/2017,8/5/2017
34.502143,-97.964327,Chickasaw Nation Nutrition Center(N237),Open,1302 W. MAIN,,DUNCAN,OK,73533,580-470-2150,L,6/5/2017,8/4/2017
35.47482,-97.51977,Metropolitan School of Dance (N238),Open,414 NW 7TH ST,,OKLAHOMA CITY,OK,73102,405-204-4295,B L,6/5/2017,7/21/2017
33.994801,-96.392755,The Very Hungry Reader(N239),Open,1515 W MAIN ST,,DURANT,OK,74701,580-924-3486,L,6/6/2017,7/27/2017
35.60022,-97.52327,Camp All-Star at D-Bats Sports Complex(N241),Open,801 NW 122ND ST,,OKLAHOMA CITY,OK,73114,405-694-4448,L,6/5/2017,7/28/2017
35.483996,-97.531454,Options Child Development Center(N242),Open,1510 N KLEIN AVE,,OKLAHOMA CITY,OK,73106,405-601-4004,B L,6/5/2017,7/28/2017
35.465899,-97.521886,John Rex YMCA Out-of-School Program(N243),Open,500 W. SHERIDAN AVE.,,OKLAHOMA CITY,OK,73102,405-297-7705,L,6/5/2017,7/28/2017
35.493434,-97.470716,Trinity Presbyterian Church(N244),Open,2301 NE 23,,OKLAHOMA CITY,OK,73111,405-427-2878,L,6/7/2017,7/26/2017
35.506093,-97.753174,Yukon Community Connection(N245),Open,601 MAPLE,,YUKON,OK,73099,405-354-5808,L,6/5/2017,7/28/2017
35.43915,-97.49763,Positive Changes Oklahoma City(N246),Closed Enrolled,744 S.E. 25TH STREET,,OKLAHOMA CITY,OK,73129,405-636-1463,B L,6/5/2017,7/28/2017
35.492764,-97.651415,Positive Changes of Bethany (N247),Closed Enrolled,7908 NW 23RD ST,,BETHANY,OK,73008,405-440-1006,L,6/5/2017,7/28/2017
35.627676,-97.552628,Positive Changes of Edmond(N248),Closed Enrolled,15500 JEFFERSONS GARDEN CT.,,EDMOND,OK,73013,405-330-8200,L,6/5/2017,7/28/2017
35.58914,-97.55195973,Macklanburg Recreation Center(N249),Open,2234 NW 117TH ST,,OKLAHOMA CITY,OK,73120,405-297-1428,L,6/5/2017,7/28/2017
35.493041,-97.4767,Ralph Ellison Library(N251),Open,2000 NE 23RD ST,,OKLAHOMA CITY,OK,73111,405-424-1437,L,6/5/2017,7/28/2017
35.07501,-98.24611,Anadarko Community Library(N252),Open,215 W BROADWAY,,ANADARKO,OK,73005,405-247-7351,L,5/19/2017,8/3/2017
34.598032,-98.411541,Unity Lawton(N253),Open,1502 SW I AVE.,,LAWTON,OK,73501,817-691-8122,B L,6/5/2017,7/28/2017
34.71933142,-97.21618956,Pleasantview Summer Meal Program(N254),Open,202 LARRY LANE,,PAULS VALLEY,OK,73075,405-207-9474,L,5/30/2017,8/11/2017
35.519684,-97.548749,Temple B'nai Israel(N255),Open,4901 N PENNSYLVANIA AVE,,OKLAHOMA CITY,OK,73112,405-848-0965,S,6/5/2017,7/28/2017
35.418482,-99.410932,HELP Inc. FRC(N256),Open,609 W E AVE,,ELK CITY,OK,73644,580-243-0770,L,6/5/2017,7/28/2017
35.412814,-99.412866,Elk City Middle School(N257),Open,302 N BOONE,,ELK CITY,OK,73644,580-243-0770,L,6/5/2017,6/29/2017
35.412239,-99.409033,First Presbyterian Church (N258),Open,217 N WASHINGTON,,ELK CITY,OK,73644,580-243-0550,L,7/6/2017,7/27/2017
34.665433,-97.9576,E-Life Cafe(N260),Open,211 LEGION DR,,MARLOW,OK,73055,580-560-9317,L,6/5/2017,7/28/2017
36.803349,-98.668827,Goldbug Gulp and Gallop(N261),Open,701 BARNES,,ALVA,OK,73717,580-430-5450,L,5/31/2017,6/22/2017
34.640046,-99.31798,Southwestern Youth Services 2(N264),Open,400 N PARK AVE,,ALTUS,OK,73521,580-482-2809,L,6/5/2017,7/27/2017
35.535603,-97.511169,Santa Fe Family Life Center(N265),Open,6300 N SANTA FE AVE,,OKLAHOMA CITY,OK,73118,405-840-1817,L,6/12/2017,6/16/2017
35.514192,-97.616677,City Center(N266),Open,5731 NW 41ST,,WARR ACRES,OK,73122,405-921-8294,,6/5/2017,7/28/2017
34.419914,-98.000937,Chosen Generation(N267),Open,281864 E1790 ROAD  (REFINARY ROAD),,DUNCAN,OK,73529,580-736-8317,L,6/5/2017,7/27/2017
34.641332,-97.167533,Wynnewood Central Elementary(N268),Open,301 E CHICHASAW,,WYNNEWOOD,OK,73098,405-665-4371,B L,5/22/2017,6/15/2017
35.449749,-97.36575,Kids' HQ(N269),Open,9225 SE 15TH ST,,MIDWEST CITY,OK,73130,405-206-7636,L,6/5/2017,7/27/2017
34.163541,-97.140038,Ardmore FRC Summer Meal Program(N270),Open,801 HAILEY STREET SW,,ARDMORE,OK,73401,580-798-2293,B L,6/1/2017,8/16/2017
35.326988,-96.907821,Shawnee FRC - Community Market of Pottawatomie County(N271),Open,120 S CENTER ST,,SHAWNEE,OK,74801,405-788-4957,L,5/30/2017,8/4/2017
36.702906,-97.084076,Ponca City FRC(N272),Open,112 S 1ST ST,,PONCA CITY,OK,74601,580-761-2181,L,7/6/2017,7/28/2017
35.46416266,-97.61115392,Oklahoma City Indian Clinic(N273),Open,5208 W. RENO,,OKLAHOMA CITY,OK,73127,405-948-4900,L,6/13/2017,7/27/2017
36.701768,-97.106018,Ponca City YMCA Day Camp(N274),Open,1604 W GRAND AVE,,PONCA CITY,OK,74601,580-765-5417,,6/22/2017,8/4/2017
33.99295,-96.38384,Durant FRC(N275),Open,724 W. MAIN ST,,DURANT,OK,74701,580-775-3988,B L,5/23/2017,8/16/2017
35.3518,-96.93291,Shawnee YMCA(N276),Open,700 W. SARATOGA,,SHAWNEE,OK,74804,405-273-4386,L,5/22/2017,8/11/2017
35.470435,-97.650629,Melrose Community Center(N28),Open,7800 MELROSE LANE,,OKLAHOMA CITY,OK,73127,405-297-1431,L,6/5/2017,7/28/2017
35.50763,-97.308745,Minnis Community Center(N29),Open,12520 NORTHEAST 36TH ST.,,SPENCER,OK,73084,405-297-1432,L,6/5/2017,7/28/2017
35.470025,-97.537488,Pilot Community Center(N31),Open,1435 NW 2ND ST,,OKLAHOMA CITY,OK,73106,405-297-1438,L,6/5/2017,7/28/2017
35.488378,-97.486795,Pitts Community Center(N32),Open,1920 NE KATE AVE.,,OKLAHOMA CITY,OK,73111,405-297-1440,L,6/5/2017,7/28/2017
35.383969,-97.557348,Sellers Community Center(N33),Open,8301 S VILLA,,OKLAHOMA CITY,OK,73159,405-297-1445,L,6/5/2017,7/28/2017
35.39763,-97.518974,Southern Oaks Community Center(N34),Open,400 SW 66TH ST,,OKLAHOMA CITY,OK,73139,405-297-1449,L,6/5/2017,7/28/2017
35.520034,-97.462789,Urban League of Greater OKC(N41),Open,3900 N MARTIN LUTHER KING,,OKLAHOMA CITY,OK,73111,405-424-5243,B L,6/5/2017,7/28/2017
35.43957,-97.502044,Schilling Community Center(N48),Open,539 SE 25TH ST.,,OKLAHOMA CITY,OK,73116,405-297-1442,L,6/5/2017,7/28/2017
35.4752584,-97.4772622,Douglass Community Center(N52),Open,900 N. FREDERICK DOUGLASS,,OKLAHOMA CITY,OK,73102,405-535-2786,L,6/5/2017,7/28/2017
35.509314,-97.584147,The Urban Mission(N56),Open,3737 N PORTLAND AVE,,OKLAHOMA CITY,OK,73112,405-202-2378,B L,6/5/2017,7/27/2017
35.471949,-97.512295,Downtown YMCA(N74),Open,1 NW 4TH ST,,OKLAHOMA CITY,OK,73102,405-297-7705,L,6/5/2017,7/28/2017
35.571138,-97.549103,North Side YMCA(N75),Open,10000 N PENNSYLVANIA,,OKLAHOMA CITY,OK,73120,405-613-4393,L,6/5/2017,7/28/2017
35.465041,-97.418471,Midwest City YMCA(N78),Open,2817 N WOODCREST DR,,MIDWEST CITY,OK,73110,405-733-9622,L,6/5/2017,7/27/2017
35.554591,-97.642767,Rockwell YMCA(N79),Open,8300 GLADE AVE,,OKLAHOMA CITY,OK,73132,405-621-5858,L,6/5/2017,7/28/2017
35.505476,-97.63149,Bethany YMCA(N80),Open,3400 N MUELLER,,BETHANY,OK,73008,405-789-0231,L,6/5/2017,7/28/2017
35.498398,-97.480019,Prospect Baptist Church(N82),Open,2809 N MISSOURI AVE,,OKLAHOMA CITY,OK,73111,405-921-6606,L,6/5/2017,7/28/2017
35.479693,-97.370443,Neighborhoods in Action(N83),Open,1124 N DOUGLAS,,MIDWEST CITY,OK,73130,405-736-1973,B L,6/19/2017,7/21/2017
35.74816,-96.08223394,BEGGS ES(105),Open,1300 CAMPUS DRIVE,,BEGGS,OK,74421,918-267-3643,B L,5/22/2017,6/22/2017
35.620184,-95.947513,Okmulgee Elementary School(N03),Open,1614 EAST 9TH STREET,,OKMULGEE,OK,74447,918-756-2826,L,6/6/2017,7/28/2017
36.66652,-97.030276,MCCORD PUBLIC SCHOOL(105),Open,977 S MCCORD RD,,PONCA CITY,OK,74604,580-765-8806,L,5/22/2017,6/30/2017
36.674768,-96.331654,PAWHUSKA ES(115),Open,1700 LYNN AVE.,,PAWHUSKA,OK,74056,918-287-1265,L,6/5/2017,6/30/2017
36.413365,-96.390714,HORACE MANN ES(105),Open,200 S. PETTIT,,HOMINY,OK,74035,918-885-6513,B L,5/17/2017,6/9/2017
36.570731,-96.708077,WOODLAND HS(705),Open,100 NORTH SIXTH ST.,,FAIRFAX,OK,74637,918-642-3295,B L,6/5/2017,6/29/2017
36.866646,-94.630815,Learninbg Center(N01),Closed Enrolled,10135 SOUTH BLUEJACKET RD.,,WYANDOTTE,OK,74370,918-666-5220,B L,5/22/2017,8/4/2017
36.877316,-94.866067,NEO A&M College(N02),Open,200 I ST. N. E.,,MIAMI,OK,74354,918-540-6387,B L,5/27/2017,7/27/2017
36.86369959,-94.87349,Miami Boys and Girls Club(N3),Open,863 D ST SE,,MIAMI,OK,74354,918-540-6386,B L,6/5/2017,7/27/2017
36.314862,-96.478723,CLEVELAND INTERMEDIATE ES(115),Open,705 NORTH SWAN DRIVE,,CLEVELAND,OK,74020,918-358-2210,B L,5/15/2017,6/28/2017
36.134665,-97.068357,WILL ROGERS ES(130),Open,1211 N WASHINGTON,,STILLWATER,OK,74075,405-533-6385,B L,5/30/2017,8/4/2017
36.13604,-97.06254,STILLWATER HS(705),Open,1224 N HUSBAND,,STILLWATER,OK,74075,405-533-6455,B L,6/5/2017,7/25/2017
36.108607,-97.056522,Lincoln Academy(N02),Open,215 E 12TH,,STILLWATER,OK,74074,405-533-6445,L,5/30/2017,6/22/2017
36.10879,-97.05026,Southern Woods Park(N03),Open,700 S 12TH AVENUE,,STILLWATER,OK,74074,405-533-6395,L,5/30/2017,7/28/2017
36.15322,-97.06964,Boomer Lake Park(N4),Open,3067 N. WASHINGTON,,STILLWATER,OK,74075,405-533-6445,L,5/30/2017,7/28/2017
36.08810598,-97.05867762,Whispering Hills(N5),Open,3102 S MAIN,,STILLWATER,OK,74074,405-533-6445,L,6/27/2017,7/28/2017
35.974421,-96.736105,CUSHING MS(505),Open,521 SOUTH HARMONY ROAD,,CUSHING,OK,74023,918-225-5236,B L,5/30/2017,6/23/2017
36.11837,-97.071479,Oklahoma State University(N01),Residential Camp,305 S MONROE ST,,STILLWATER,OK,74074,405-744-4575,B L S,6/5/2017,8/3/2017
34.85021,-95.557272,HARTSHORNE ES(105),Open,821 ARAPAHOE,,HARTSHORNE,OK,74547,918-297-7120,B L,5/22/2017,6/29/2017
34.7211346,-95.9030682,KIOWA ES(105),Open,406 EAST 8TH STREET,,KIOWA,OK,74553,918-432-5822,B L,5/22/2017,6/29/2017
35.126096,-95.366437,QUINTON HS(715),Open,210 N J ST,,QUINTON,OK,74561,918-469-3100,B L,5/22/2017,6/30/2017
34.7202155,-95.9347664,SAVANNA ES(105),Open,9567 SOUTH U.S. HIGHWAY 69,,SAVANNA,OK,74565,918-548-3777,B L,5/22/2017,6/29/2017
34.7139883,-95.8564593,PITTSBURG ES(105),Open,200 W. GRAND,,PITTSBURG,OK,74560,918-432-5062,B L,5/15/2017,6/1/2017
34.940044,-95.76197,EMERSON ES(110),Open,301 E VAN BUREN,,MCALESTER,OK,74501,918-423-6465,B L,5/30/2017,6/30/2017
34.942132,-95.755839,PARKER INTERMEDIATE CTR(150),Open,1310 N 6TH,,MCALESTER,OK,74501,918-423-7816,B L,6/5/2017,6/15/2017
34.937049,-95.74233,MCALESTER HS(705),Open,1 BUFFALO DRIVE,,MCALESTER,OK,74502,918-423-7816,B L,6/5/2017,6/15/2017
34.92824477,-95.77552921,Komar Park(N02),Open,501 SOUTH B STREET,,MCALESTER,OK,74501,918-423-7816,L,5/30/2017,7/20/2017
34.926114,-95.767475,Boys & Girls Club(N03),Open,301 EAST CHADICK,,MCALESTER,OK,74501,918-423-7816,B L,5/30/2017,7/20/2017
34.95444568,-95.75873845,Hutchison Park(N06),Open,310 EAST KREBS,,MCALESTER,OK,74501,918-423-7816,L,5/30/2017,7/20/2017
34.93493,-95.76609,McAlester Public Library(N07),Open,401 NORTH 2ND STREET,,MCALESTER,OK,74501,918-423-7816,L,5/30/2017,7/20/2017
34.926484,-95.767931,Chaddick Pool(N09),Open,485 SOUTH 3RD,,MCALESTER,OK,74501,918-424-1298,L,5/30/2017,7/20/2017
34.90712,-95.77288,Main and Oklahoma Church(N11),Open,1700 SOUTH MAIN,,MCALESTER,OK,74501,918-423-7816,B L,5/30/2017,7/20/2017
34.93662,-95.77168,B & Jefferson(N14),Open,224 WEST JEFFERSON,,MCALESTER,OK,74501,918-423-7816,L,5/30/2017,7/20/2017
34.942132,-95.755839,Football Practice Facility(N15),Open,1310 N 6TH,,MCALESTER,OK,74501,918-774-5792,B L,6/1/2017,7/20/2017
34.9306,-95.75642,Grand Avenue Community Center(N19),Open,918 EAST WASHINGTON,,MCALESTER,OK,74501,918-329-0709,B L,5/30/2017,7/20/2017
34.94480222,-95.76001111,Jeff Lee Pool(N20),Open,311 EAST FILMORE,,MCALESTER,OK,74501,918-423-7816,L,5/30/2017,7/20/2017
34.935557,-95.755492,Stipe Pool(N21),Open,801 NORTH 9TH,,MCALESTER,OK,74501,918-423-7816,L,5/30/2017,7/20/2017
34.87897629,-96.41336048,ALLEN ES(105),Open,110 N RICHMOND AVE,,ALLEN,OK,74825,580-857-2417,B L,5/22/2017,6/29/2017
34.77145,-96.66408,East Central University(N01),Residential Camp,1100 EAST 14TH STREET,,ADA,OK,74820,580-559-5856,B L S,5/31/2017,7/26/2017
34.223309,-96.675173,Chickasaw Nation Tishomingo Boys & Girls Club(N01),Open,997 SOUTH BYRD,,TISHOMINGO,OK,73460,580-371-0153,B L,5/15/2017,8/4/2017
34.50834,-96.977583,Sulphur Boys & Girls Club(N04),Open,1021 WEST 9TH STREET,,SULPHUR,OK,73086,580-618-6041,B L,5/15/2017,8/4/2017
34.462493,-97.1722473,Camp Survivor(N06),Closed Enrolled,HIGHWAY 77 AND SOONER ROAD,,DAVIS,OK,73030,580-369-2272,B L S,5/31/2017,6/3/2017
34.65505857,-96.5273,Stonewall First Baptist Church(N08),Open,328 S. HARRISON,,STONEWALL,OK,74871,580-265-4238,L,7/24/2017,7/28/2017
34.8000471,-96.6847054,Family Life Center(N10),Open,292 SEABROOK ROAD,,ADA,OK,74820,580-310-9490,B L,6/23/2017,6/24/2017
34.7696,-96.67871,Ada First Baptist Church(N100),Open,521 S. BROADWAY,,ADA,OK,74820,580-332-4124,S,6/26/2017,6/30/2017
34.4929216,-97.0051973,Chickasaw Nation Cultural Center(N101),Open,867 COOPER MEMORIAL DRIVE,,SULPHUR,OK,73086,580-320-6603,L,6/24/2017,6/24/2017
34.1901567,-97.1276762,Ardmore Broadlawn Park(N102),Open,1511 MOUNT WASHINGTON,,ARDMORE,OK,73401,580-226-8289,L,6/5/2017,8/4/2017
34.20287,-97.13133,Ardmore High School(N103),Open,701 VETERENS BLVD,,ARDMORE,OK,73401,580-277-1167,B L,6/5/2017,7/21/2017
34.196304,-97.134215,Cities In Schools(N104),Open,1906 HARRIS STREET NW,,ARDMORE,OK,73401,580-223-8762,L,7/5/2017,7/31/2017
34.31439047,-97.13969558,Springer Community(N105),Open,551 MAIN STREET,,SPRINGER,OK,73458,580-653-2300,L,6/5/2017,8/4/2017
34.24182122,-96.67144102,RAVIA COMMUNITY CENTER(N106),Open,102 SOUTH 2ND STREET,,RAVIA,OK,73455,580-371-6351,S,6/5/2017,8/4/2017
34.236126,-96.677541,Methodist Church in Tishomingo(N107),Open,202 N. NESHOBA ST.,,TISHOMINGO,OK,73460,000-000-0000,S,6/5/2017,8/4/2017
34.918268,-97.182261,Rosedale Baptist Church(N108),Open,37740 ARKANSAS AVE.,,ROSEDALE,OK,74831,405-469-4411,L,6/5/2017,8/4/2017
34.50834,-96.977583,Sulphur Schools(N109),Open,1021 W 9TH,,SULPHUR,OK,73086,580-320-6603,L,6/5/2017,6/29/2017
34.508497,-96.973294,Sulphur Splash Pad(N110),Open,WOODRUFF BLVD BETWEEN W.BROADWAY & W. WYNNEWOOD,,SULPHUR,OK,73086,580-436-7255,L,6/5/2017,8/4/2017
34.23902939,-96.67520204,Tishomingo Elementary School(N111),Open,508 N. NESHOBA,,TISHOMINGO,OK,73460,000-000-0000,L,6/5/2017,8/4/2017
34.800119,-96.680504,Ada Toksali SMART(N112),Open,231 SEABROOK ROAD,,ADA,OK,74820,580-559-0833,B L,6/5/2017,6/30/2017
34.199698,-97.139535,Ardmore Toksali SMART(N113),Open,920 LOCUST,,ARDMORE,OK,73401,580-226-4821,B L,6/5/2017,6/30/2017
34.74128122,-97.22041306,Pauls Valley Toksali SMART(N114),Open,202 N. CHICKASAW,,PAULS VALLEY,OK,73075,405-207-9883,B,6/5/2017,6/30/2017
34.9971731,-97.3732154,Purcell Toksali SMART(N115),Open,1430 HARDCASTLE BLVD.,,PURCELL,OK,73080,405-527-4973,B L,6/5/2017,6/30/2017
34.50604905,-96.87871265,Sulphur Toksali SMART(N116),Open,4970 W. HWY 7,,SULPHUR,OK,73086,580-622-2888,B L,6/5/2017,6/30/2017
35.291118,-97.816681,Tuttle Library(N117),Open,305 W. MAIN ST.,,TUTTLE,OK,73089,405-381-8586,L,6/7/2017,7/26/2017
34.78273,-96.669813,Chickasaw Nation Community Center(N118),Open,700 N. MISSISSIPPI,,ADA,OK,74871,580-387-9593,B,7/6/2017,7/6/2017
34.200071,-97.138152,CN Ardmore Community Center(N119),Open,907 LOCUST STREET,,ARDMORE,OK,73401,580-387-9593,B,7/13/2017,7/13/2017
34.95776683,-96.75205659,Konowa First Baptist Church(N120),Open,129 NORTH BROADWAY,,KONAWA,OK,74849,405-234-5240,L,7/5/2017,8/4/2017
35.23602476,-96.70635,Seminole Nutrition Services(N121),Open,12577 NS 3540,,SEMINOLE,OK,74868,405-234-5240,L,7/3/2017,8/4/2017
35.242801,-96.681791,Seminole Northwood Elementary(N122),Open,1001 CARSON DRIVE,,SEMINOLE,OK,74868,405-234-5240,L,7/3/2017,7/28/2017
34.7997864,-96.9620594,Stratford Library(N123),Open,340 N. OAK,,STRATFORD,OK,74872,580-759-2684,L,6/13/2017,8/3/2017
34.176604,-97.122279,Ardmore Fraley Park(N124),Open,611 MARTIN LUTHER KING BLVD,,ARDMORE,OK,73401,580-226-8289,L,6/5/2017,8/4/2017
34.1771,-97.11180347,Big Five Apartments(N125),Open,1212 6TH AVENUE NE,,ARDMORE,OK,73401,580-223-3733,B L,6/21/2017,8/4/2017
34.77549,-96.69096,Glenwood Park(N17),Open,825 WEST 10TH,,ADA,OK,74820,580-436-7255,L,6/5/2017,8/4/2017
34.74691161,-96.65323397,Freewill Baptist Camp  (N18),Open,8994 STATE HIGHWAY 3W,,ADA,OK,74820,580-399-0738,B L,6/19/2017,6/23/2017
34.796111,-96.679008,Chickasaw Nation Housing Admin Building(N33),Open,111 ROSEDALE ROAD,,ADA,OK,74820,580-399-2582,B L,5/31/2017,6/2/2017
34.7671627,-96.6597159,Wintersmith Park(N34),Open,18TH STREET AT SCENIC DRIVE,,ADA,OK,74820,580-272-5368,L,6/5/2017,8/4/2017
34.771199,-96.679181,First United Methodist Church(N43),Open,129 W. 14TH,,ADA,OK,74820,580-332-1398,B L,6/26/2017,7/14/2017
34.41837,-96.990254,Camp Goddard(N44),Closed Enrolled,2964 GODDARD YOUTH CAMP ROAD,,SULPHUR,OK,73086,580-436-2603,B L S,6/27/2017,6/29/2017
34.73119,-96.645359,Chickasaw Nation Medical Center(N47),Open,1921 STONECIPHER BLVD,,ADA,OK,74820,580-436-3980,L,5/20/2017,8/12/2017
34.17452899,-97.12100394,Ardmore Community Water Park(N50),Open,506 3RD NE,,ARDMORE,OK,73401,580-226-8289,L,6/5/2017,8/4/2017
34.17552837,-97.11910633,Whittington Park(N51),Open,402 G STREET,,ARDMORE,OK,73401,580-226-8289,L,6/5/2017,8/4/2017
34.782577,-96.671664,Ada Nutrition Services(N53),Open,518 EAST ARLINGTON,,ADA,OK,74820,580-436-7255,L,6/5/2017,8/4/2017
34.994542,-97.370856,Purcell Nutrition Services(N54),Open,1530 HARDCASTLE BLVD,,PURCELL,OK,73080,405-527-6967,L,6/5/2017,8/4/2017
34.200266,-97.140386,Ardmore Nutrition Services(N55),Open,2350 CHICKASAW BLVD,,ARDMORE,OK,73401,580-226-8289,L,6/5/2017,8/4/2017
34.20277556,-97.11566222,HUG Summer Day Camp(N65),Open,511 VETERANS BLVD,,ARDMORE,OK,73402,580-221-1649,B L,7/5/2017,7/21/2017
34.76803857,-96.68976,Ada Boys & Girls Summer Camp(N67),Open,715 S. HICKORY,,ADA,OK,74820,580-332-3717,B L,5/30/2017,8/4/2017
34.774264,-96.676927,Ada Public Library(N71),Open,124 S. RENNIE,,ADA,OK,74820,580-436-8121,L,5/31/2017,8/4/2017
34.87882859,-96.41274553,Allen Church of Christ BS(N72),Open,406 E. BROADWAY,,ALLEN,OK,74825,580-875-2215,S,7/11/2017,7/15/2017
34.87787153,-96.41370554,Allen City Park(N73),Open,203 S RICHMOND,,ALLEN,OK,74825,580-857-2461,L,7/20/2017,7/20/2017
34.87913864,-96.41448727,Allen Public Library(N74),Open,214 E. BROADWAY,,ALLEN,OK,74825,580-857-2933,L,6/5/2017,8/4/2017
34.201223,-97.140371,Ardmore CN Peds Clinic(N76),Open,2510 CHICKASAW ROAD,,ARDMORE,OK,73401,580-226-8181,L,6/5/2017,8/4/2017
34.18136,-97.12459,Ardmore Indian Church BS(N78),Open,820 NORTH WASHINGTON,,ARDMORE,OK,73401,580-229-6929,S,6/26/2017,6/26/2017
34.8744179,-97.0503445,Byars Baptist Church(N81),Open,6TH & RIPLEY STREET,,BYARS,OK,74831,405-238-7500,L,6/5/2017,8/4/2017
34.6091045,-96.5846821,Union Valley Baptist Church BS(N84),Open,COUNTY ROAD 3610 AND 1600,,STONEWALL,OK,74871,580-332-0902,S,7/9/2017,7/13/2017
34.23539727,-96.66707576,Tishomingo Medical Clinic(N85),Open,815 E 5TH,,TISHOMINGO,OK,73460,844-230-3785,L,6/5/2017,8/4/2017
34.2351336,-96.6846534,Pennington Park in Tishomingo(N86),Open,SOUTH CAPITAL AVENUE,,TISHOMINGO,OK,73460,844-230-3785,S,6/5/2017,8/4/2017
34.78636,-96.65322,Ada CN WIC Clinic(N87),Open,1001 COUNTRY CLUB ROAD,,ADA,OK,74820,580-421-4581,L,6/5/2017,8/4/2017
34.4253215,-97.1145772,Indian Falls Creek(N90),Residential Camp,6714 HWY 77D,,DAVIS,OK,73030,405-598-2067,B L S,7/30/2017,8/3/2017
34.87890371,-96.41335588,Allen First Baptist Chuch(N91),Open,304 E. BORADWAY,,ALLEN,OK,74825,580-857-2858,S,6/20/2017,6/24/2017
34.234685,-96.666054,Tishomingo Community Gym,Open,817 E. 16TH,,TISHOMINGO,OK,73460,580-387-9593,B L,7/28/2017,7/28/2017
34.88042,-96.41431,Allen Church of God of Prophecy(N94),Open,201 E. LEXINGTON,,ALLEN,OK,74825,580-310-4151,S,6/8/2017,8/3/2017
35.4061,-96.902523,NORTH ROCK CREEK PUBLIC SCHOOL(105),Open,42400 GARRETT'S LAKE ROAD,,SHAWNEE,OK,74804,405-275-3473,B L,5/30/2017,6/26/2017
35.324597,-96.895809,PLEASANT GROVE PUBLIC SCHOOL(105),Open,1927 E WALNUT,,SHAWNEE,OK,74801,405-275-6092,L,6/5/2017,6/22/2017
35.4334313,-97.0954864,MCLOUD ES(105),Restricted Open,535 W. PARK ST.,,MCLOUD,OK,74851,405-964-3382,B L,6/5/2017,6/29/2017
35.144601,-97.009397,MACOMB ES(110),Open,36591 STATE HIGHWAY 59B,,MACOMB,OK,74852,405-598-2716,B L,5/22/2017,7/31/2017
35.33922,-96.92888,JEFFERSON ES(130),Open,800 N LOUISA,,SHAWNEE,OK,74801,405-273-1846,B L,6/5/2017,6/29/2017
35.37313,-96.92192,SHAWNEE MS(505),Open,4300 N UNION,,SHAWNEE,OK,74804,405-273-0403,B L S,6/6/2017,8/16/2017
34.2315184,-95.6227789,RATTAN ES(105),Open,100 WEST MAIN,,RATTAN,OK,74562,580-587-2715,B L,5/30/2017,6/29/2017
34.5907164,-95.3681451,CRAIN ES(105),Open,329 N. 1ST STREET,,CLAYTON,OK,74536,918-569-4492,B L,5/22/2017,6/29/2017
34.5907164,-95.3681451,CLAYTON HS(705),Open,329 N. 1ST STREET,,CLAYTON,OK,74536,918-569-4492,B L,5/22/2017,6/29/2017
35.6307847,-99.3827954,HAMMON ES(105),Open,802 EAST SHOCKEY,,HAMMON,OK,73650,580-473-2221,B L,5/30/2017,6/23/2017
36.308415,-95.645091,WESTSIDE ES(115),Open,2600 HOLLY ROAD,,CLAREMORE,OK,74017,918-923-4223,B L,6/5/2017,8/4/2017
36.325638,-95.603707,CLAREMORE PS/PAC(N2),Open,101 E STUART ROOSA,,CLAREMORE,OK,74017,918-923-4223,L,6/5/2017,8/4/2017
36.54311,-95.43632,"Boys and Girls Club of Chelsea, Inc.(N01)",Open,119 N. ASH ST.,,CHELSEA,OK,74016,918-789-3232,B L,6/1/2017,8/2/2017
35.116006,-96.51175,JUSTICE PUBLIC SCHOOL(105),Open,36507 EW 1310,,WEWOKA,OK,74884,405-257-2962,B L,6/5/2017,6/29/2017
35.228081,-96.677391,SEMINOLE HS(715),Open,501 TIMMONS,,SEMINOLE,OK,74868,405-382-0315,L,5/30/2017,7/20/2017
35.14895,-96.49537,WEWOKA ES(105),Open,300 W. 10TH,,WEWOKA,OK,74884,405-257-6220,L,6/1/2017,6/30/2017
34.956169,-96.761021,KONAWA ES(105),Open,701 WEST SOUTH STREET,,KONAWA,OK,74849,580-925-3244,B L,5/15/2017,6/15/2017
35.362691,-96.585306,STROTHER ES(105),Open,36085  EW1140,,SEMINOLE,OK,74868,405-382-0982,B L,5/22/2017,6/15/2017
35.225338,-96.679903,Seminole State College(N01),Residential Camp,2701 BOREN BOULEVARD,,SEMINOLE,OK,74818,405-382-9710,B L S,5/26/2017,6/29/2017
35.3904815,-94.4506839,MOFFETT PUBLIC SCHOOL(105),Open,701 BELT AVENUE,,MOFFETT,OK,74946,918-875-3668,B L,5/22/2017,6/16/2017
35.458631,-94.777941,LIBERTY ES(105),Open,136 SOUTH DOGWOOD,,SALLISAW,OK,74955,918-775-1293,L,6/5/2017,7/15/2017
35.459542,-94.790364,Sallisaw Boys and Girls Club(N01),Open,113 NORTH ELM STREET,,SALLISAW,OK,74955,918-776-9117,,6/5/2017,7/15/2017
35.40758,-94.59799,MULDROW ES(110),Open,301 SOUTH MAIN,,MULDROW,OK,74948,918-427-4081,B L,6/5/2017,6/30/2017
35.4167087,-94.5190412,ROLAND JHS(610),Open,312 RANGER BLVD,,ROLAND,OK,74954,918-427-0091,L,5/23/2017,6/23/2017
34.506137,-97.937554,WOODROW WILSON ES(140),Open,700 EAST CHESTNUT,,DUNCAN,OK,73533,580-255-5035,L,5/31/2017,8/11/2017
36.68397204,-101.48545,ACADEMY ES(105),Open,604 NORTH ACADEMY,,GUYMON,OK,73942,580-461-0174,B L,5/30/2017,6/30/2017
36.6921395,-101.4807699,NORTH PARK ES(135),Open,1400 NORTH CRUMLEY STREET,,GUYMON,OK,73942,580-338-4385,B L,5/30/2017,7/21/2017
36.5950203,-101.6308566,Upward Bound Summer Program(N01),Residential Camp,323 W. EAGLE BLVD.,,GOODWELL,OK,73939,580-349-1538,B L S,5/31/2017,7/13/2017
34.4935272,-99.1430904,TIPTON ES(115),Open,1000 S. BROADWAY,,TIPTON,OK,73570,580-667-5268,B L,5/22/2017,6/2/2017
36.196112,-95.963802,ANDERSON ES(111),Open,1921 E. 29TH STREET NORTH,,TULSA,OK,74110,918-809-2395,B L,6/1/2017,8/4/2017
36.130715,-96.005112,EUGENE FIELD ES(185),Open,2249 S PHOENIX AVE,,TULSA,OK,74107,918-746-8840,B L,6/1/2017,8/18/2017
36.2347,-95.993666,GILCREASE ES(198),Open,5550 N. MARTIN LUTHER KING JR BLVD,,TULSA,OK,74126,918-746-9604,B L,6/19/2017,7/28/2017
36.082879,-95.940526,GRIMES ES(199),Open,3213 E. 56TH ST.,,TULSA,OK,74105,000-000-0000,B L,6/1/2017,8/11/2017
36.128279,-95.916991,HOOVER ES(215),Open,2327 S. DARLINGTON AVE.,,TULSA,OK,74114,918-746-9120,B L,6/26/2017,7/21/2017
36.135958,-95.940684,LANIER ES(260),Open,1724 S. HARVARD,,TULSA,OK,74112,918-850-8838,B L,6/1/2017,8/11/2017
36.08155,-95.976921,MARSHALL ES(310),Open,1142 E 56TH STREET,,TULSA,OK,74105,918-925-1620,B L,8/15/2017,8/18/2017
36.146905,-95.950419,MAYO DEMONSTRATION ES(315),Open,1127 S. COLUMBIA AVE,,TULSA,OK,74104,918-925-1502,B L,6/1/2017,8/11/2017
36.169122,-95.901446,MCKINLEY ES(325),Open,6703 E. KING ST.,,TULSA,OK,74115,000-000-0000,B L,6/1/2017,8/18/2017
36.09174,-96.023951,ROBERTSON ES(395),Open,2721 W 50TH STREET,,TULSA,OK,74107,918-746-8900,B L,6/1/2017,8/18/2017
36.165287,-95.954583,SEQUOYAH ES(405),Open,724 N. BIRMINGHAM AVE.,,TULSA,OK,74110,918-746-9360,B L,6/1/2017,7/21/2017
36.149988,-96.042662,MARK TWAIN ES(425),Open,541 S. 43RD WEST AVE.,,TULSA,OK,74127,918-833-8520,B L,6/26/2017,7/21/2017
36.127493,-95.844606,DISNEY ES(447),Open,11702 E. 25TH ST.,,TULSA,OK,74129,918-925-1480,B L,6/1/2017,8/18/2017
36.081755,-95.892592,MEMORIAL JHS(663),Open,7502 E. 57TH STREET,,TULSA,OK,74145,918-833-9520,B L,6/5/2017,6/22/2017
36.163336,-96.02651,CENTRAL HS(705),Open,3101 W. EDISON ST.,,TULSA,OK,74127,918-833-8409,B L,6/1/2017,6/23/2017
36.22529,-95.973305,MCLAIN HS FOR SCIENCE AND TECH(720),Open,4929 N PEORIA,,TULSA,OK,74126,918-833-8500,B L,6/1/2017,6/30/2017
36.155209,-95.934799,WILL ROGERS COLLEGE HS(730),Open,3909 E 5TH PLACE,,TULSA,OK,74112,918-833-9000,L,6/1/2017,6/30/2017
36.18688,-95.969399,BOOKER T. WASHINGTON HS(735),Open,1514 E ZION ST,,TULSA,OK,74106,918-925-1000,B L,6/26/2017,7/21/2017
36.188523,-95.967104,KIPP TULSA ACAD. COLLEGE PREP.(975),Open,1661 E. VIRGIN ST.,,TULSA,OK,74106,918-794-8652,B L,8/7/2017,8/18/2017
36.207975,-95.973362,COMANCHE PARK(N03),Open,3608 N QUAKER,,TULSA,OK,74106,918-425-9352,L,6/1/2017,8/4/2017
36.169188,-96.002657,COUNTRY CLUB GARDENS APARTMENTS(N05),Open,446 W. LATIMER ST.,,TULSA,OK,74106,918-720-4526,L,6/1/2017,8/4/2017
36.237754,-95.988352,TULSA HEALTH DEPT. (NORTH)(N105),Open,5635 N. MARTIN LUTHER KING JR. BLVD.,,TULSA,OK,74126,918-595-4418,B L,6/1/2017,7/31/2017
36.092875,-95.889455,COMMON GROUND CHURCH(N106),Open,7810 E. 49TH ST.,,TULSA,OK,74145,918-270-4372,L,6/5/2017,8/2/2017
36.183757,-95.993392,JOHN 3:16 MISSION(N12),Open,2027 MLK BLVD,,TULSA,OK,74106,918-592-1186,B L,6/5/2017,7/27/2017
36.146905,-95.921912,MARGARET HUDSON(N128),Open,1136 S. ALLEGHENY AVE,,TULSA,OK,74112,918-746-7537,B L,6/1/2017,6/23/2017
36.205816,-95.953618,MOHAWK MANOR(N13),Open,3637 N BIRMINGHAM,,TULSA,OK,74110,918-425-0922,L,6/1/2017,8/4/2017
36.177733,-95.957865,SPRINGDALE BAPTIST CHURCH(N130),Open,1511 N. LEWIS AVE.,,TULSA,OK,74110,918-585-5903,B L,6/1/2017,8/3/2017
36.124923,-95.864488,EAST SIDE ACADEMY(N132),Open,2525 S 101ST EAST AVE,,TULSA,OK,74129,918-833-9470,B L,8/1/2017,8/18/2017
36.173961,-95.981119,MORTON COMPREHENSIVE HEALTH SVCS(N133),Open,1334 N. LANSING AVE.,,TULSA,OK,74106,918-295-6171,L,6/1/2017,8/4/2017
36.15289909,-95.88663,INTERNATIONAL GOSPEL CENTER(N135),Open,555 S MEMORIAL DRIVE,,TULSA,OK,74112,918-836-5525,B L,6/1/2017,8/4/2017
36.07797,-95.97901,SAVANNA LANDING(N138),Open,1111 E. 60TH ST.,,TULSA,OK,74105,918-743-0022,L,6/1/2017,8/4/2017
36.078182,-96.01045,PARKVIEW TERRACE(N14),Open,1615 W 59 ST,,TULSA,OK,74107,918-446-2776,L,6/1/2017,8/4/2017
36.221078,-95.984845,CHURCH OF ETERNAL LOVE(N146),Open,4606 N HARTFORD AVENUE,,TULSA,OK,74126,918-402-7926,B L,6/5/2017,7/31/2017
36.10472,-96.021383,MERGE CHURCH(N147),Open,4050 SOUTHWEST BLVD.,,TULSA,OK,74107,000-000-0000,L,6/1/2017,6/22/2017
36.200031,-95.96109,LEARNING KURVE - NORTH(N149),Open,2131 E. 31ST PLACE NORTH,,TULSA,OK,74110,918-508-7373,B L,6/1/2017,8/4/2017
36.13169,-95.999557,RIVERVIEW(N15),Open,2212 S JACKSON,,TULSA,OK,74107,918-583-7861,L,6/1/2017,8/4/2017
36.153911,-95.886257,LEARNING KURVE - EAST(N150),Open,455 S. MEMORIAL DRIVE,,TULSA,OK,74112,918-794-5563,B L,6/1/2017,8/4/2017
36.118125,-95.897243,WOODLAKE ASSEMBLY (N152),Open,7100 E. 31 ST.,,TULSA,OK,74145,918-622-7100,L,6/5/2017,6/15/2017
36.135089,-96.005109,WEST TULSA UNITED METHODIST CHURCH(N153),Open,1923 S. PHOENIX AVE.,,TULSA,OK,74107,918-691-2891,B L,6/26/2017,6/30/2017
36.177555,-95.994334,NORTHPOINTE - EDUCATION FOR SCHOLARS(N155),Open,205 E. PINE STREET,,TULSA,OK,74106,000-000-0000,B L,6/1/2017,8/18/2017
36.163073,-95.99906,CENTENARY UNITED METHODIST(N158),Open,631 N. DENVER AVE.,,TULSA,OK,74106,918-583-6988,L,6/1/2017,8/4/2017
36.060002,-95.962287,DISH NETWORK(N159),Open,1950 E. 71ST ST.,,TULSA,OK,74136,918-477-6809,L,6/2/2017,6/23/2017
36.176017,-95.903256,ST PETER & PAUL DAY CAMP(N16),Open,1428 N 67 E AVE,,TULSA,OK,74115,918-836-3114,L,6/1/2017,8/4/2017
36.11807142,-95.86723492,WINDSONG APARTMENTS(N162),Open,9750 E. 31ST ST.,,TULSA,OK,74146,918-628-1040,B L,6/19/2017,7/28/2017
36.195904,-95.991695,SALVATION ARMY NORTH MABEE BOYS & GIRLS CLUB(N17),Open,3001 MARTIN LUTHER KING JR BLVD,,TULSA,OK,74106,918-425-7534,L,6/1/2017,8/18/2017
36.14316,-96.06192,SANDY PARK(N18),Open,6301 W 11 PL,,TULSA,OK,74127,918-241-4693,L,6/1/2017,8/4/2017
36.184171,-95.969418,SEMINOLE HILLS(N19),Open,1624 E VIRGIN,,TULSA,OK,74106,918-584-4206,L,6/1/2017,8/4/2017
36.081658,-96.037687,SOUTH HAVEN(N20),Open,4012 W 56 PL,,TULSA,OK,74107,918-447-4409,L,6/1/2017,8/4/2017
36.073254,-95.959018,SOUTHERN HILL UNITED METHODIST CHURCH(N21),Open,6160 S LEWIS AVE,,TULSA,OK,74136,918-743-2013,B L,6/5/2017,7/27/2017
36.199886,-95.987196,BRADFORD APARTMENTS(N28),Open,"564 E. 32ND ST., NORTH",,TULSA,OK,74106,000-000-0000,B L,6/1/2017,8/4/2017
36.194092,-95.994071,WESLEY UNITED METHODIST CHURCH(N38),Open,"2750 N. MARTIN LUTHER KING JR., BLVD.",,TULSA,OK,74106,000-000-0000,B L,6/5/2017,7/28/2017
36.18563,-95.9834,EDENWOOD APARTMENTS(N40),Open,2171 N. HARTFORD AVE.,,TULSA,OK,74106,918-833-9578,L,6/1/2017,8/4/2017
36.07526,-95.9790772,ST THOMAS SQUARE APTS(N42),Open,1050 E 61 ST.,,TULSA,OK,74136,918-747-7155,B L,6/1/2017,6/20/2017
36.169529,-95.877137,ROSS-CNS(N47),Open,8934 E LATIMER ST,,TULSA,OK,74115,918-833-6678,B L,6/1/2017,8/18/2017
36.206549,-95.976248,COMMUNITY ACTION RESOURCE ASSOCIATION(N58),Open,3636 N PEORIA,,TULSA,OK,74106,918-428-5255,B L,6/5/2017,8/4/2017
36.11808,-95.838335,ST MATTHEWS UNITED METHODIST CHURCH(N61),Open,12424 E 31ST STREET,,TULSA,OK,74146,918-770-3735,B L,6/12/2017,7/26/2017
36.23492,-95.99788716,ANTIOCH BAPTIST CHURCH(N66),Open,110 W. 56TH ST. NORTH,,TULSA,OK,74126,918-582-0768,B L,6/5/2017,7/28/2017
36.179494,-95.946129,FULL GOSPEL CHRISTIAN CHILD CARE(N76),Open,1609 N EVANSTON PL,,TULSA,OK,74110,918-834-2325,B L,6/1/2017,8/4/2017
36.14853,-95.851669,SPIRIT CHRISTIAN CHURCH(N80),Open,1020 S. GARNETT RD.,,TULSA,OK,74128,918-551-6017,B L,6/1/2017,8/4/2017
36.161921,-95.987252,GREENWOOD CULTURAL CENTER(N82),Open,322 N GREENWOOD AVE.,,TULSA,OK,74120,918-596-1020,B L,6/1/2017,6/29/2017
36.16237,-95.84121,EAST CENTRAL COMMUNITY CENTER(N83),Open,12330 E ARCHER ST,,TULSA,OK,74116,918-438-5428,L,6/1/2017,8/4/2017
36.12774,-96.00063,WESTERN PINES APARTMENTS(N86),Open,2409 S. MAYBELLE AVE.,,TULSA,OK,74107,918-841-9032,B L,6/5/2017,8/4/2017
36.084385,-96.004273,YMCA WESTSIDE(N88),Open,5400 S OLYMPIA AVENUE,,TULSA,OK,74107,918-446-1424,L,6/1/2017,8/18/2017
36.18959,-96.009729,METROPOLITAN BAPTIST CHURCH(N94),Open,1228 W. APACHE ST.,,TULSA,OK,74171,918-425-5402,B L,6/5/2017,7/27/2017
36.13153,-95.89781,HALE HS(N96),Open,6960 E. 21ST ST.,,TULSA,OK,74129,918-985-1200,B L,6/1/2017,7/21/2017
36.18815,-95.93441,APACHE COMMUNITY CENTER(N99),Open,2402 N MARION,,TULSA,OK,74115,918-835-5704,L,6/1/2017,8/4/2017
36.145399,-96.112441,GARFIELD ES(110),Open,701 NORTH ROOSEVELT AVENUE,,SAND SPRINGS,OK,74063,918-246-1430,B L,6/5/2017,6/29/2017
36.027064,-95.805389,VANDEVER ES(125),Open,2200 S. LIONS,,BROKEN ARROW,OK,74012,918-259-4490,B L,7/5/2017,7/28/2017
36.038548,-95.807662,LYNN WOOD ES(140),Open,1600 W. QUINCY ST.,,BROKEN ARROW,OK,74012,918-259-4430,B L,5/30/2017,7/28/2017
36.009832,-95.805403,LEISURE PARK ES(150),Open,4300 S. JUNIPER PL.,,BROKEN ARROW,OK,74011,918-259-4420,B L,6/5/2017,6/30/2017
36.075408,-95.776212,CREEKWOOD ES(200),Open,1301 E. ALBANY,,BROKEN ARROW,OK,74012,918-259-4500,B L,5/30/2017,7/28/2017
36.002869,-95.797811,ASPEN CREEK ES(205),Open,2800 W. FLORENCE ST.,,BROKEN ARROW,OK,74011,918-259-4410,B L,5/30/2017,7/28/2017
36.0899646,-95.7605686,CENTENNIAL MS(505),Open,225 E. OMAHA ST.,,BROKEN ARROW,OK,74012,918-259-4340,B L,6/5/2017,7/28/2017
36.07541,-95.767051,BROKEN ARROW HS(705),Open,1901 E. ALBANY,,BROKEN ARROW,OK,74012,918-259-4731,L,6/8/2017,7/28/2017
36.065966,-95.757146,CAMINO VILLA APTS(N2),Open,1310 N. 27TH ST.,,BROKEN ARROW,OK,74014,918-259-4565,L,5/30/2017,7/28/2017
36.04098,-95.7908,FAMILY AQUATIC CENTER/PARK(N3),Open,1200 S. MAIN ST,,BROKEN ARROW,OK,74012,918-259-4565,L,5/30/2017,7/28/2017
35.971511,-95.814131,INDIAN SPRINGS APTS.(N4),Open,2177 W. JASPER,,BROKEN ARROW,OK,74011,918-259-4565,L,5/30/2017,7/28/2017
35.93862,-95.879152,CENTRAL ES(110),Open,201 SOUTH MAIN STREET,,BIXBY,OK,74008,918-366-2277,B L,6/5/2017,7/14/2017
35.935915,-95.876391,BIXBY HS(705),Open,501 SOUTH RIVERVIEW,,BIXBY,OK,74008,918-366-1727,B L,6/1/2017,7/31/2017
36.07357384,-95.86288937,GROVE ES(105),Open,10202 E. 62ND E. AVE.,,TULSA,OK,74133,918-357-8856,B L,6/5/2017,8/4/2017
36.113398,-95.828379,BOEVERS ES(115),Open,3433 S. 133 E. AVE,,TULSA,OK,74134,918-357-8350,L,6/6/2017,7/25/2017
36.110026,-95.863287,CLARK ES(120),Open,3656 S. 103RD E. AVE.,,TULSA,OK,74146,918-357-8534,B L,6/6/2017,7/25/2017
36.054301,-95.825694,PETERS ES(125),Open,2900 W COLLEGE,,BROKEN ARROW,OK,74012,918-357-6741,L,6/6/2017,7/25/2017
36.050593,-95.876313,JARMAN ES(140),Open,9015 E. 79TH ST.,,TULSA,OK,74133,918-357-8952,L,6/6/2017,7/25/2017
36.097025,-95.822332,ROSA PARKS ES(155),Open,13702 E 46TH PL,,TULSA,OK,74134,918-357-2757,L,6/6/2017,6/8/2017
36.041796,-95.856652,THOMAS JEFFERSON ES(160),Open,8418 SOUTH 107 EAST AVENUE,,TULSA,OK,74133,918-357-6610,B L,6/5/2017,7/25/2017
36.067241,-95.848677,UNION 8TH GRADE CTR(620),Open,6501 S GARNETT RD,,BROKEN ARROW,OK,74012,918-357-6810,L,6/6/2017,7/20/2017
36.065812,-95.870855,UNION HS(705),Open,6636 S. MINGO RD.,,TULSA,OK,74133,918-357-7227,B L,6/5/2017,7/28/2017
36.051818,-95.855535,UNION NINTH GRADE CENTER(720),Open,7616 S GARNETT,,BROKEN ARROW,OK,74012,918-357-7639,B L,6/5/2017,7/27/2017
36.066385,-95.868619,Union UMAC(N01),Open,6836 S. MINGO RD,,TULSA,OK,74166,918-357-7410,L,6/12/2017,7/28/2017
36.11414,-95.85402732,Boca Vista apt(N11),Open,10851 E 33RD,,TULSA,OK,74134,918-357-7227,L,6/5/2017,6/29/2017
36.115574,-95.86735,Heatherstone apt(N12),Open,9730 E 33RD,,TULSA,OK,74134,918-357-7227,L,6/5/2017,6/29/2017
36.101775,-95.85494,Huntington Hollow(N13),Open,4343 S 109 E AVE.,,TULSA,OK,74146,918-357-7227,L,6/5/2017,6/29/2017
36.1044395,-95.8330904,Union Point(N14),Open,13062 E 41ST ST,,TULSA,OK,74134,918-357-7227,L,6/5/2017,6/29/2017
36.06923,-95.85785,The Greens of Bedford(N15),Open,6508 S 106 E PL.,,TULSA,OK,74133,918-357-7227,L,6/6/2017,6/8/2017
36.10017,-95.85348,Bristol Park(N16),Open,4414 S GARNETT,,TULSA,OK,74146,918-357-4336,B,6/6/2017,6/8/2017
36.103237,-95.858022,Silvercreek Apt(N17),Open,10710 E 41ST,,TULSA,OK,74146,918-357-4328,B,6/6/2017,6/8/2017
36.070459,-95.869316,Sommerset Park at Union(N18),Open,9416 E 65TH ST,,TULSA,OK,74133,918-357-7227,L,6/5/2017,6/29/2017
36.10685,-95.83495,Polo Club Apt(N19),Open,12817 E 40TH ST,,TULSA,OK,74146,918-357-7227,L,6/5/2017,6/29/2017
36.10717,-95.84989,Creekside apt(N4),Open,3901 S GARNETT RD,,TULSA,OK,74146,918-357-7227,L,6/5/2017,6/29/2017
36.101814,-95.861497,Rockwood Village apt(N6),Open,4130 S. 104 E AVE,,TULSA,OK,74146,918-357-7227,L,6/5/2017,6/29/2017
36.060486,-95.784278,Broken Arrow Church of Christ(N01),Open,505 E. KENOSHA,,BROKEN ARROW,OK,74012,000-000-0000,B L,6/12/2017,8/4/2017
36.219487,-95.997477,Tulsa Dream Center(N01),Open,200 W. 46TH ST. N.,,TULSA,OK,74126,918-430-9984,L,6/5/2017,7/27/2017
36.132014,-96.003891,West Mabee Boys & Girls Club(N10),Open,2143 S. OLYMPIA,,TULSA,OK,74107,918-582-4327,L,5/29/2017,8/18/2017
36.232698,-95.979882,Youth At Heart(N11),Restricted Open,5424 N. MADISON AVE,,TULSA,OK,74126,918-493-7311,B L,5/22/2017,6/22/2017
35.978342,-96.117738,Boys & Girls Club of Creek County(N12),Open,1721 S. HICKORY,,SAPULPA,OK,74066,918-224-4415,B L,5/22/2017,8/18/2017
36.149988,-96.042662,Touch Tulsa @ Mark Twain Elementary(N13),Open,541 S 43RD W AVE,,TULSA,OK,74127,918-521-7053,L,6/5/2017,6/22/2017
36.20337,-95.97706,Hawthorne Elementary(N2),Open,1105 E. 33RD ST. N.,,TULSA,OK,74106,918-813-2109,B L,5/29/2017,8/18/2017
36.18643,-95.957926,Reed Foundation(N3),Open,2219 N. LEWIS AVE.,,TULSA,OK,74110,918-951-9441,L,5/22/2017,8/18/2017
36.173043,-95.939202,Salvation Army Mabee Red Shield(N6),Open,1231 N HARVARD AVE,,TULSA,OK,74115,918-850-8234,L,5/24/2017,8/18/2017
36.199886,-95.987196,Peppermint Pete's Prestart Learning Center(N7),Open,564 E. 32ND ST. N.,,TULSA,OK,74106,918-269-8623,L,5/22/2017,8/18/2017
36.101088,-96.136748,"Boys & Girls Club, Sand Springs(N9)",Open,4403 S. 129 W AVE,,SAND SPRINGS,OK,74063,918-245-2237,B L,5/29/2017,8/18/2017
36.176012,-95.977302,Hutcherson YMCA(N01),Open,1120 E PINE ST,,TULSA,OK,74106,918-382-9622,L,6/1/2017,7/31/2017
36.173693,-95.918988,Maxwell Park Library(N10),Open,1313 N. CANTON,,TULSA,OK,74115,918-549-7610,L,6/1/2017,7/31/2017
36.221357,-95.987871,Suburban Acres Library(N12),Open,4606 N GARRISON AVE,,TULSA,OK,74126,918-549-7323,L,6/1/2017,7/31/2017
36.14364,-95.85611,Sierra Pointe Apartments(N13),Open,1433 S. 107TH E AVE,,TULSA,OK,74128,918-992-6903,L,6/1/2017,7/31/2017
36.15109,-95.998544,Tulsa Hub(N14),Open,601 W. 3RD ST.,,TULSA,OK,74103,918-813-0028,L,6/5/2017,6/9/2017
36.104771,-96.031044,Red Fork Church of God(N2),Open,3319 W 41ST ST.,,TULSA,OK,74107,918-446-4479,L,6/1/2017,7/31/2017
36.232698,-95.979882,EduRec Youth & Family Center(N3),Closed Enrolled,5424 N MADISON AVE,,TULSA,OK,74126,918-430-3947,B L,6/5/2017,6/23/2017
36.083128,-96.039468,Cornerstone Community Center(N5),Open,4122 W 55TH PL,,TULSA,OK,74107,918-960-2645,L,6/1/2017,7/31/2017
36.089484,-96.017744,Zarrow Regional Library(N6),Open,2224 W. 51ST ST,,TULSA,OK,74107,918-549-7683,L,6/1/2017,7/31/2017
36.126739,-95.851019,Martin Regional Library(N7),Open,2601 S. GARNETT RD,,TULSA,OK,74129,918-549-7590,L,6/1/2017,7/31/2017
36.177962,-95.98464,Rudisill Regional Library(N8),Open,1520 N HARTFORD AVE,,TULSA,OK,74106,918-549-7645,L,6/1/2017,7/31/2017
36.158763,-95.957742,Kendall-Whittier Library(N9),Open,21 S. LEWIS AVE,,TULSA,OK,74104,918-549-7584,L,6/1/2017,7/31/2017
35.960736,-95.374895,CENTRAL INTERMEDIATE ES(125),Open,202 NORTH CASAVER,,WAGONER,OK,74467,918-485-0163,L,5/30/2017,6/29/2017
35.9612,-95.36184,Football Field(N2),Open,1301 NORTHEAST 2ND,,WAGONER,OK,74467,918-485-0163,L,5/30/2017,6/29/2017
36.740831,-95.96887,RICHARD KANE ES(110),Open,801 SE 13TH,,BARTLESVILLE,OK,74003,918-337-3711,B L,7/5/2017,7/28/2017
36.736109,-95.990563,JANE PHILLIPS ES(130),Open,1500 SE ROGERS AVE,,BARTLESVILLE,OK,74003,918-336-9479,B,6/5/2017,6/9/2017
36.7352906,-95.9262381,RANCH HEIGHTS ES(160),Open,501 WOODLAND RD,,BARTLESVILLE,OK,74006,918-333-3810,B L,6/5/2017,7/28/2017
36.759881,-95.923214,WOODROW WILSON ES(185),Open,245 NE SPRUCE,,BARTLESVILLE,OK,74005,918-335-1177,B L,6/5/2017,6/30/2017
36.74467571,-95.97319714,CENTRAL MS(505),Open,815 SE DELAWARE,,BARTLESVILLE,OK,74003,918-336-9306,B L,7/31/2017,8/1/2017
36.74769,-95.910909,MADISON MS(510),Open,5900 SE BAYLOR DR,,BARTLESVILLE,OK,74006,918-333-4444,L,7/24/2017,8/4/2017
36.73323,-95.97284,BARTLESVILLE HS(705),Open,1700 HILLCREST DRIVE,,BARTLESVILLE,OK,74003,918-336-3311,B L,6/5/2017,7/28/2017
36.753398,-95.994293,The Salvation Army of Bartlesville(N01),Open,101 N BUCY AVE,,BARTLESVILLE,OK,74003,918-336-6454,B L,6/5/2017,8/4/2017
35.07926,-96.42622,Holdenville Ridge Apartments(N12),Open,101- 115 Lou Dr.,,HOLDENVILLE,OK,74848,,,,
33.89461389,-94.83771523,FOREST GROVE PUBLIC SCHOOL(105),Open,1040 SW Haskell Pl,,GARVIN,OK,74736,,,,
35.435328,-97.091769,MC LOUD ES(105),Open,200 S. Main St.,,MCLOUD,OK,74851,,,,
35.41697,-94.51696,ROLAND JHS(610),Open,300 Ranger Blvd.,,ROLAND,OK,74954,,,,
35.764,-95.41053,CAMP BENNETT(N03),Open,3901 Park Blvd.,,MUSKOGEE,OK,74401,,,,
34.95419469,-95.08013878,RED OAK ES(105),Open,404 N. Main St.,,RED OAK,OK,74563,,,,
34.0139447,-95.52642188,Choctaw Nation Head Start in Hugo(N7),Open,408 N Webb St.,,HUGO,OK,74743,,,,
35.56247,-97.290109,JONES HS(705),Open,412 SW 3rd St.,,JONES,OK,73049,,,,
36.680747,-97.304912,TONKAWA HS(715),Open,500 E North Ave.,,TONKAWA,OK,74653,,,,
36.735178,-95.919909,RANCH HEIGHTS ES(160),Open,5101 Woodland Rd.,,BARTLESVILLE,OK,74006,,,,
34.389302,-96.145401,ATOKA HS(705),Open,800 S. Greathouse Dr.,,ATOKA,OK,74525,,,,
35.743284,-95.357784,Spaulding Park(N16),Open,"837 E. Okmulgee, St",,MUSKOGEE,OK,74403,,,,
35.474614,-97.471561,Douglass Community Center(N52),Open,900 Frederick J Douglas Dr. 73117,,OKLAHOMA CITY,OK,73102,,,,
35.84226047,-97.94153207,Kingfisher Church of Christ(N19),Open,913 W Will Rogers Dr.,,KINGFISHER,OK,73750,,,,
34.499823,-97.958926,Chosen Generation(N267),Open,925 W. Maple Ave,,DUNCAN,OK,73529,,,,
34.44883769,-97.59083452,One True Light- Fuqua Park Wes,Open,1500 OK-7,,DUNCAN,OK,73533,,,,
,,,,,,,,,,,,
This dataset was created by Doug McDurham. PolicyMap does not endorse the use of or verify the accuracy of the data contained within this dataset.,,,,,,,,,,,,
